{
  "timestamp": "2025-08-15T00:36:00.104Z",
  "business": {
    "servicesGenerated": 1,
    "qualityScore": 91.95259088644384,
    "deploymentSuccess": 91.30107350175582,
    "marketOpportunities": 13
  }
}