{
  "timestamp": "2025-08-15T00:19:00.097Z",
  "business": {
    "servicesGenerated": 1,
    "qualityScore": 99.39676848120433,
    "deploymentSuccess": 90.4147784403435,
    "marketOpportunities": 24
  }
}