{
  "timestamp": "2025-08-15T01:55:25.209Z",
  "business": {
    "servicesGenerated": 9,
    "qualityScore": 98.72881518839738,
    "deploymentSuccess": 93.1132669868107,
    "marketOpportunities": 10
  }
}