{
  "timestamp": "2025-08-15T00:37:30.105Z",
  "business": {
    "servicesGenerated": 1,
    "qualityScore": 96.10799505574839,
    "deploymentSuccess": 95.35386311944579,
    "marketOpportunities": 14
  }
}