{
  "timestamp": "2025-08-15T00:11:10.537Z",
  "business": {
    "servicesGenerated": 1,
    "qualityScore": 93.07079709998952,
    "deploymentSuccess": 98.09617164924009,
    "marketOpportunities": 7
  }
}