{
  "timestamp": "2025-08-14T23:37:25.713Z",
  "business": {
    "servicesGenerated": 1,
    "qualityScore": 96.17682708747179,
    "deploymentSuccess": 93.10297815381833,
    "marketOpportunities": 9
  }
}