{
  "timestamp": "2025-08-15T00:20:00.099Z",
  "business": {
    "servicesGenerated": 1,
    "qualityScore": 89.7820461424328,
    "deploymentSuccess": 98.00489684316842,
    "marketOpportunities": 15
  }
}