{
  "timestamp": "2025-08-14T23:20:25.702Z",
  "business": {
    "servicesGenerated": 1,
    "qualityScore": 94.78340560125822,
    "deploymentSuccess": 97.99560148071336,
    "marketOpportunities": 12
  }
}