{
  "timestamp": "2025-08-15T00:27:10.546Z",
  "business": {
    "servicesGenerated": 1,
    "qualityScore": 87.47352975627267,
    "deploymentSuccess": 90.99479379393172,
    "marketOpportunities": 20
  }
}