{
  "timestamp": "2025-08-15T02:06:25.216Z",
  "business": {
    "servicesGenerated": 9,
    "qualityScore": 85.51654535676924,
    "deploymentSuccess": 91.89773128506947,
    "marketOpportunities": 6
  }
}