{
  "timestamp": "2025-08-15T00:36:15.144Z",
  "business": {
    "servicesGenerated": 1,
    "qualityScore": 93.31139054415647,
    "deploymentSuccess": 99.10909746208213,
    "marketOpportunities": 11
  }
}