{
  "timestamp": "2025-08-15T00:17:00.096Z",
  "business": {
    "servicesGenerated": 1,
    "qualityScore": 92.61445554531095,
    "deploymentSuccess": 98.45765614677536,
    "marketOpportunities": 5
  }
}