{
  "timestamp": "2025-08-15T02:00:54.631Z",
  "business": {
    "servicesGenerated": 9,
    "qualityScore": 86.23579421188512,
    "deploymentSuccess": 90.0544650453647,
    "marketOpportunities": 21
  }
}