{
  "timestamp": "2025-08-15T00:18:00.674Z",
  "business": {
    "servicesGenerated": 1,
    "qualityScore": 86.37525874364617,
    "deploymentSuccess": 93.32176770549638,
    "marketOpportunities": 23
  }
}