{
  "timestamp": "2025-08-15T00:31:15.143Z",
  "business": {
    "servicesGenerated": 1,
    "qualityScore": 95.27399882083728,
    "deploymentSuccess": 99.20173918032619,
    "marketOpportunities": 6
  }
}