{
  "timestamp": "2025-08-15T02:14:25.221Z",
  "business": {
    "servicesGenerated": 9,
    "qualityScore": 99.00294453567422,
    "deploymentSuccess": 91.54576788708657,
    "marketOpportunities": 20
  }
}