{
  "timestamp": "2025-08-15T02:05:25.216Z",
  "business": {
    "servicesGenerated": 9,
    "qualityScore": 92.25569439042906,
    "deploymentSuccess": 92.64839279078667,
    "marketOpportunities": 17
  }
}