{
  "timestamp": "2025-08-15T00:30:30.101Z",
  "business": {
    "servicesGenerated": 1,
    "qualityScore": 86.82712257811589,
    "deploymentSuccess": 99.28197472795243,
    "marketOpportunities": 11
  }
}