{
  "timestamp": "2025-08-15T00:37:45.144Z",
  "business": {
    "servicesGenerated": 1,
    "qualityScore": 91.5953048686558,
    "deploymentSuccess": 96.59004480244504,
    "marketOpportunities": 17
  }
}