{
  "timestamp": "2025-08-15T00:37:15.146Z",
  "business": {
    "servicesGenerated": 1,
    "qualityScore": 87.66884673340046,
    "deploymentSuccess": 91.87205264422816,
    "marketOpportunities": 5
  }
}