{
  "timestamp": "2025-08-14T23:37:45.274Z",
  "business": {
    "servicesGenerated": 1,
    "qualityScore": 94.59711168345612,
    "deploymentSuccess": 95.87371124068328,
    "marketOpportunities": 13
  }
}