{
  "timestamp": "2025-08-14T23:37:15.188Z",
  "business": {
    "servicesGenerated": 1,
    "qualityScore": 97.76097196483849,
    "deploymentSuccess": 96.75012692925257,
    "marketOpportunities": 14
  }
}