{
  "timestamp": "2025-08-15T02:03:24.632Z",
  "business": {
    "servicesGenerated": 9,
    "qualityScore": 85.07695818162068,
    "deploymentSuccess": 98.60215708105542,
    "marketOpportunities": 17
  }
}