{
  "timestamp": "2025-08-15T00:12:10.540Z",
  "business": {
    "servicesGenerated": 1,
    "qualityScore": 89.22612457484712,
    "deploymentSuccess": 97.77297324170407,
    "marketOpportunities": 7
  }
}