{
  "timestamp": "2025-08-15T02:13:09.682Z",
  "business": {
    "servicesGenerated": 9,
    "qualityScore": 96.01753508231056,
    "deploymentSuccess": 93.08860704341635,
    "marketOpportunities": 14
  }
}