{
  "timestamp": "2025-08-15T02:13:55.221Z",
  "business": {
    "servicesGenerated": 9,
    "qualityScore": 90.20489749566757,
    "deploymentSuccess": 93.44318642607938,
    "marketOpportunities": 21
  }
}