{
  "timestamp": "2025-08-15T02:02:09.675Z",
  "business": {
    "servicesGenerated": 9,
    "qualityScore": 97.0935984130235,
    "deploymentSuccess": 97.85927846318967,
    "marketOpportunities": 23
  }
}