{
  "timestamp": "2025-08-15T02:12:25.222Z",
  "business": {
    "servicesGenerated": 9,
    "qualityScore": 98.91738265597274,
    "deploymentSuccess": 98.20765437590597,
    "marketOpportunities": 19
  }
}