{
  "timestamp": "2025-08-15T00:17:00.673Z",
  "business": {
    "servicesGenerated": 1,
    "qualityScore": 90.05262721412907,
    "deploymentSuccess": 96.55909626886763,
    "marketOpportunities": 9
  }
}