{
  "timestamp": "2025-08-14T23:11:55.696Z",
  "business": {
    "servicesGenerated": 1,
    "qualityScore": 98.6280414380339,
    "deploymentSuccess": 91.50728482242496,
    "marketOpportunities": 7
  }
}