{
  "timestamp": "2025-08-15T02:01:55.213Z",
  "business": {
    "servicesGenerated": 9,
    "qualityScore": 94.66106238255647,
    "deploymentSuccess": 96.35115950574617,
    "marketOpportunities": 6
  }
}