{
  "timestamp": "2025-08-14T23:10:55.696Z",
  "business": {
    "servicesGenerated": 1,
    "qualityScore": 95.48322875727828,
    "deploymentSuccess": 91.07474345493087,
    "marketOpportunities": 15
  }
}