{
  "timestamp": "2025-08-15T00:11:00.666Z",
  "business": {
    "servicesGenerated": 1,
    "qualityScore": 89.58192621036508,
    "deploymentSuccess": 91.83291500472609,
    "marketOpportunities": 6
  }
}