{
  "timestamp": "2025-08-14T23:15:25.700Z",
  "business": {
    "servicesGenerated": 1,
    "qualityScore": 90.47765881996935,
    "deploymentSuccess": 91.95533593051096,
    "marketOpportunities": 14
  }
}