{
  "timestamp": "2025-08-14T23:12:25.697Z",
  "business": {
    "servicesGenerated": 1,
    "qualityScore": 93.45782547814483,
    "deploymentSuccess": 99.31190687051773,
    "marketOpportunities": 9
  }
}