{
  "timestamp": "2025-08-15T00:30:00.682Z",
  "business": {
    "servicesGenerated": 1,
    "qualityScore": 87.32132621899945,
    "deploymentSuccess": 94.4313784041909,
    "marketOpportunities": 10
  }
}