{
  "timestamp": "2025-08-15T00:32:00.683Z",
  "business": {
    "servicesGenerated": 1,
    "qualityScore": 95.91833396297591,
    "deploymentSuccess": 90.21892441671623,
    "marketOpportunities": 15
  }
}