{
  "timestamp": "2025-08-15T02:10:54.633Z",
  "business": {
    "servicesGenerated": 9,
    "qualityScore": 87.00989930092372,
    "deploymentSuccess": 98.75907441911448,
    "marketOpportunities": 9
  }
}