{
  "timestamp": "2025-08-15T00:17:30.673Z",
  "business": {
    "servicesGenerated": 1,
    "qualityScore": 85.62810070096214,
    "deploymentSuccess": 95.72204709805474,
    "marketOpportunities": 18
  }
}