{
  "timestamp": "2025-08-14T23:32:55.711Z",
  "business": {
    "servicesGenerated": 1,
    "qualityScore": 87.81555054438454,
    "deploymentSuccess": 94.3501079722547,
    "marketOpportunities": 16
  }
}