{
  "timestamp": "2025-08-15T02:03:09.677Z",
  "business": {
    "servicesGenerated": 9,
    "qualityScore": 88.89208180156457,
    "deploymentSuccess": 93.62046704167967,
    "marketOpportunities": 12
  }
}