{
  "timestamp": "2025-08-15T00:10:00.667Z",
  "business": {
    "servicesGenerated": 1,
    "qualityScore": 93.82300673693457,
    "deploymentSuccess": 93.17913865621725,
    "marketOpportunities": 16
  }
}