{
  "timestamp": "2025-08-15T02:13:24.634Z",
  "business": {
    "servicesGenerated": 9,
    "qualityScore": 90.38681881337962,
    "deploymentSuccess": 95.67408343635802,
    "marketOpportunities": 13
  }
}