{
  "timestamp": "2025-08-14T23:29:45.318Z",
  "business": {
    "servicesGenerated": 1,
    "qualityScore": 99.2314920499821,
    "deploymentSuccess": 92.83823622627581,
    "marketOpportunities": 7
  }
}