{
  "timestamp": "2025-08-14T23:13:55.696Z",
  "business": {
    "servicesGenerated": 1,
    "qualityScore": 96.74264867723045,
    "deploymentSuccess": 95.91993959290693,
    "marketOpportunities": 9
  }
}