{
  "timestamp": "2025-08-15T01:56:39.672Z",
  "business": {
    "servicesGenerated": 9,
    "qualityScore": 94.27507605271838,
    "deploymentSuccess": 98.87059556473419,
    "marketOpportunities": 15
  }
}