{
  "timestamp": "2025-08-15T00:10:30.091Z",
  "business": {
    "servicesGenerated": 1,
    "qualityScore": 88.7868436887948,
    "deploymentSuccess": 97.15774745338985,
    "marketOpportunities": 11
  }
}