{
  "timestamp": "2025-08-14T23:36:15.273Z",
  "business": {
    "servicesGenerated": 1,
    "qualityScore": 87.40519782262673,
    "deploymentSuccess": 97.19275042873512,
    "marketOpportunities": 20
  }
}