{
  "timestamp": "2025-08-15T00:12:00.092Z",
  "business": {
    "servicesGenerated": 1,
    "qualityScore": 98.01538892050804,
    "deploymentSuccess": 97.67318170809514,
    "marketOpportunities": 19
  }
}