{
  "timestamp": "2025-08-14T23:38:45.276Z",
  "business": {
    "servicesGenerated": 1,
    "qualityScore": 93.37394845688797,
    "deploymentSuccess": 93.56101777927503,
    "marketOpportunities": 10
  }
}