{
  "timestamp": "2025-08-15T00:12:30.668Z",
  "business": {
    "servicesGenerated": 1,
    "qualityScore": 85.66122865204719,
    "deploymentSuccess": 90.38309615648575,
    "marketOpportunities": 7
  }
}