{
  "timestamp": "2025-08-15T00:16:00.094Z",
  "business": {
    "servicesGenerated": 1,
    "qualityScore": 85.14572897662953,
    "deploymentSuccess": 99.2088939490165,
    "marketOpportunities": 24
  }
}