{
  "timestamp": "2025-08-14T23:38:45.189Z",
  "business": {
    "servicesGenerated": 1,
    "qualityScore": 96.27769431774777,
    "deploymentSuccess": 95.10379899622676,
    "marketOpportunities": 19
  }
}