{
  "timestamp": "2025-08-14T23:24:55.704Z",
  "business": {
    "servicesGenerated": 1,
    "qualityScore": 93.03633032710245,
    "deploymentSuccess": 94.93646498819257,
    "marketOpportunities": 19
  }
}