{
  "timestamp": "2025-08-15T00:15:10.538Z",
  "business": {
    "servicesGenerated": 1,
    "qualityScore": 87.65615384845815,
    "deploymentSuccess": 97.75606337336048,
    "marketOpportunities": 17
  }
}