{
  "timestamp": "2025-08-14T23:58:21.761Z",
  "business": {
    "servicesGenerated": 1,
    "qualityScore": 94.07115029275565,
    "deploymentSuccess": 99.96917886762743,
    "marketOpportunities": 13
  }
}