{
  "timestamp": "2025-08-15T00:24:00.679Z",
  "business": {
    "servicesGenerated": 1,
    "qualityScore": 96.15199873570542,
    "deploymentSuccess": 98.85687652263769,
    "marketOpportunities": 8
  }
}