{
  "timestamp": "2025-08-15T00:32:45.143Z",
  "business": {
    "servicesGenerated": 1,
    "qualityScore": 91.10994303544527,
    "deploymentSuccess": 97.40559019695829,
    "marketOpportunities": 20
  }
}