{
  "timestamp": "2025-08-15T02:07:25.217Z",
  "business": {
    "servicesGenerated": 9,
    "qualityScore": 98.88360165988541,
    "deploymentSuccess": 97.51094530259292,
    "marketOpportunities": 7
  }
}