{
  "timestamp": "2025-08-15T00:09:30.668Z",
  "business": {
    "servicesGenerated": 1,
    "qualityScore": 95.08046750514366,
    "deploymentSuccess": 95.97042214989006,
    "marketOpportunities": 6
  }
}