{
  "timestamp": "2025-08-15T00:21:00.676Z",
  "business": {
    "servicesGenerated": 1,
    "qualityScore": 96.81308633190653,
    "deploymentSuccess": 95.54747963361513,
    "marketOpportunities": 7
  }
}