{
  "timestamp": "2025-08-15T01:55:39.671Z",
  "business": {
    "servicesGenerated": 9,
    "qualityScore": 93.22875256771475,
    "deploymentSuccess": 92.5743903294295,
    "marketOpportunities": 13
  }
}