{
  "timestamp": "2025-08-15T00:15:30.095Z",
  "business": {
    "servicesGenerated": 1,
    "qualityScore": 86.04304342603524,
    "deploymentSuccess": 91.41339637033067,
    "marketOpportunities": 7
  }
}