{
  "timestamp": "2025-08-15T01:59:25.209Z",
  "business": {
    "servicesGenerated": 9,
    "qualityScore": 99.49113530357101,
    "deploymentSuccess": 97.36400175824234,
    "marketOpportunities": 7
  }
}