{
  "timestamp": "2025-08-15T00:13:40.538Z",
  "business": {
    "servicesGenerated": 1,
    "qualityScore": 88.12645209551026,
    "deploymentSuccess": 91.71144305461122,
    "marketOpportunities": 19
  }
}