{
  "timestamp": "2025-08-15T01:58:55.209Z",
  "business": {
    "servicesGenerated": 9,
    "qualityScore": 97.68202568541047,
    "deploymentSuccess": 97.02840975999247,
    "marketOpportunities": 10
  }
}