{
  "timestamp": "2025-08-15T00:35:00.684Z",
  "business": {
    "servicesGenerated": 1,
    "qualityScore": 88.99513247063199,
    "deploymentSuccess": 93.78148462199083,
    "marketOpportunities": 19
  }
}