{
  "timestamp": "2025-08-15T02:07:09.679Z",
  "business": {
    "servicesGenerated": 9,
    "qualityScore": 98.17394322013656,
    "deploymentSuccess": 90.64275618502103,
    "marketOpportunities": 6
  }
}