{
  "timestamp": "2025-08-14T23:35:15.272Z",
  "business": {
    "servicesGenerated": 1,
    "qualityScore": 92.92323788572521,
    "deploymentSuccess": 95.56290792739878,
    "marketOpportunities": 8
  }
}