{
  "timestamp": "2025-08-15T00:16:10.538Z",
  "business": {
    "servicesGenerated": 1,
    "qualityScore": 87.99244098783416,
    "deploymentSuccess": 94.00790263315547,
    "marketOpportunities": 24
  }
}