{
  "timestamp": "2025-08-14T23:32:45.271Z",
  "business": {
    "servicesGenerated": 1,
    "qualityScore": 87.29384606007604,
    "deploymentSuccess": 96.10332977137422,
    "marketOpportunities": 6
  }
}