{
  "timestamp": "2025-08-15T01:59:55.211Z",
  "business": {
    "servicesGenerated": 9,
    "qualityScore": 95.78419095843519,
    "deploymentSuccess": 91.56674897510365,
    "marketOpportunities": 21
  }
}