{
  "timestamp": "2025-08-15T02:09:54.633Z",
  "business": {
    "servicesGenerated": 9,
    "qualityScore": 86.19541842143502,
    "deploymentSuccess": 93.12774140690269,
    "marketOpportunities": 13
  }
}