{
  "timestamp": "2025-08-14T23:28:55.710Z",
  "business": {
    "servicesGenerated": 1,
    "qualityScore": 93.2479218608806,
    "deploymentSuccess": 93.30885900575998,
    "marketOpportunities": 16
  }
}