{
  "timestamp": "2025-08-15T02:00:09.674Z",
  "business": {
    "servicesGenerated": 9,
    "qualityScore": 98.12114998959943,
    "deploymentSuccess": 97.4724402903112,
    "marketOpportunities": 24
  }
}