{
  "timestamp": "2025-08-15T00:38:45.149Z",
  "business": {
    "servicesGenerated": 1,
    "qualityScore": 85.2229107785248,
    "deploymentSuccess": 98.6569447132777,
    "marketOpportunities": 15
  }
}