{
  "timestamp": "2025-08-14T23:34:45.189Z",
  "business": {
    "servicesGenerated": 1,
    "qualityScore": 97.64942695238841,
    "deploymentSuccess": 91.10850801843864,
    "marketOpportunities": 23
  }
}