{
  "timestamp": "2025-08-14T23:58:51.183Z",
  "business": {
    "servicesGenerated": 1,
    "qualityScore": 92.94606004033854,
    "deploymentSuccess": 90.49544386895309,
    "marketOpportunities": 12
  }
}