{
  "timestamp": "2025-08-14T23:21:55.703Z",
  "business": {
    "servicesGenerated": 1,
    "qualityScore": 97.88698582551183,
    "deploymentSuccess": 90.79951212081588,
    "marketOpportunities": 21
  }
}