{
  "timestamp": "2025-08-15T00:42:00.110Z",
  "business": {
    "servicesGenerated": 1,
    "qualityScore": 93.96458255288726,
    "deploymentSuccess": 97.42563433809006,
    "marketOpportunities": 9
  }
}