{
  "timestamp": "2025-08-15T00:33:30.684Z",
  "business": {
    "servicesGenerated": 1,
    "qualityScore": 91.4653785389399,
    "deploymentSuccess": 95.56857671498742,
    "marketOpportunities": 13
  }
}