{
  "timestamp": "2025-08-15T00:21:40.540Z",
  "business": {
    "servicesGenerated": 1,
    "qualityScore": 93.54959107133172,
    "deploymentSuccess": 96.81258996422606,
    "marketOpportunities": 10
  }
}