{
  "timestamp": "2025-08-15T02:10:55.220Z",
  "business": {
    "servicesGenerated": 9,
    "qualityScore": 90.75740815764391,
    "deploymentSuccess": 94.04370441052478,
    "marketOpportunities": 6
  }
}