{
  "timestamp": "2025-08-15T00:18:30.674Z",
  "business": {
    "servicesGenerated": 1,
    "qualityScore": 85.52144109541983,
    "deploymentSuccess": 93.63455865835546,
    "marketOpportunities": 23
  }
}