{
  "timestamp": "2025-08-15T00:36:45.146Z",
  "business": {
    "servicesGenerated": 1,
    "qualityScore": 88.73692985482234,
    "deploymentSuccess": 96.75583426756825,
    "marketOpportunities": 21
  }
}