{
  "timestamp": "2025-08-15T02:14:54.633Z",
  "business": {
    "servicesGenerated": 9,
    "qualityScore": 97.64936248329587,
    "deploymentSuccess": 97.51775767296695,
    "marketOpportunities": 11
  }
}