{
  "timestamp": "2025-08-15T00:40:00.106Z",
  "business": {
    "servicesGenerated": 1,
    "qualityScore": 97.5056150306407,
    "deploymentSuccess": 94.91287646685444,
    "marketOpportunities": 7
  }
}