{
  "timestamp": "2025-08-15T00:10:30.667Z",
  "business": {
    "servicesGenerated": 1,
    "qualityScore": 90.73266769528898,
    "deploymentSuccess": 96.13890274628147,
    "marketOpportunities": 11
  }
}