{
  "timestamp": "2025-08-15T02:10:39.680Z",
  "business": {
    "servicesGenerated": 9,
    "qualityScore": 87.15431276969858,
    "deploymentSuccess": 96.92300083672798,
    "marketOpportunities": 23
  }
}