{
  "timestamp": "2025-08-15T01:53:54.627Z",
  "business": {
    "servicesGenerated": 1,
    "qualityScore": 92.26946208518173,
    "deploymentSuccess": 93.28631020735261,
    "marketOpportunities": 7
  }
}