{
  "timestamp": "2025-08-15T00:30:45.142Z",
  "business": {
    "servicesGenerated": 1,
    "qualityScore": 85.10339884244539,
    "deploymentSuccess": 97.05520336342228,
    "marketOpportunities": 7
  }
}