{
  "timestamp": "2025-08-15T00:24:30.100Z",
  "business": {
    "servicesGenerated": 1,
    "qualityScore": 91.33596065188205,
    "deploymentSuccess": 97.97528154301453,
    "marketOpportunities": 14
  }
}