{
  "timestamp": "2025-08-15T02:12:54.633Z",
  "business": {
    "servicesGenerated": 9,
    "qualityScore": 92.38871568615464,
    "deploymentSuccess": 96.69049973923438,
    "marketOpportunities": 11
  }
}