{
  "timestamp": "2025-08-14T23:33:15.271Z",
  "business": {
    "servicesGenerated": 1,
    "qualityScore": 96.55109670638423,
    "deploymentSuccess": 94.07902805495621,
    "marketOpportunities": 8
  }
}