{
  "timestamp": "2025-08-14T23:13:25.696Z",
  "business": {
    "servicesGenerated": 1,
    "qualityScore": 86.92358156022937,
    "deploymentSuccess": 99.22374723408785,
    "marketOpportunities": 15
  }
}