{
  "timestamp": "2025-08-14T23:30:55.710Z",
  "business": {
    "servicesGenerated": 1,
    "qualityScore": 88.20392333547024,
    "deploymentSuccess": 95.41804522308625,
    "marketOpportunities": 14
  }
}