{
  "timestamp": "2025-08-15T01:53:24.627Z",
  "business": {
    "servicesGenerated": 1,
    "qualityScore": 97.41243432235453,
    "deploymentSuccess": 94.40669810315316,
    "marketOpportunities": 17
  }
}