{
  "timestamp": "2025-08-15T00:17:40.537Z",
  "business": {
    "servicesGenerated": 1,
    "qualityScore": 89.96126184594145,
    "deploymentSuccess": 94.84743265738628,
    "marketOpportunities": 14
  }
}