{
  "timestamp": "2025-08-15T00:10:10.538Z",
  "business": {
    "servicesGenerated": 1,
    "qualityScore": 89.85309872166465,
    "deploymentSuccess": 99.4723189104413,
    "marketOpportunities": 17
  }
}