{
  "timestamp": "2025-08-14T23:57:51.185Z",
  "business": {
    "servicesGenerated": 1,
    "qualityScore": 89.49112589574936,
    "deploymentSuccess": 96.9028778479392,
    "marketOpportunities": 15
  }
}