{
  "timestamp": "2025-08-14T23:22:25.704Z",
  "business": {
    "servicesGenerated": 1,
    "qualityScore": 85.34373913167495,
    "deploymentSuccess": 92.90863503933817,
    "marketOpportunities": 11
  }
}