{
  "timestamp": "2025-08-14T23:32:25.712Z",
  "business": {
    "servicesGenerated": 1,
    "qualityScore": 87.70600632391395,
    "deploymentSuccess": 93.79974565422071,
    "marketOpportunities": 24
  }
}