{
  "timestamp": "2025-08-14T23:37:55.713Z",
  "business": {
    "servicesGenerated": 1,
    "qualityScore": 85.54248188664523,
    "deploymentSuccess": 95.36120188240757,
    "marketOpportunities": 16
  }
}