{
  "timestamp": "2025-08-15T02:12:24.635Z",
  "business": {
    "servicesGenerated": 9,
    "qualityScore": 96.26435009474359,
    "deploymentSuccess": 92.79928183939573,
    "marketOpportunities": 17
  }
}