{
  "timestamp": "2025-08-14T23:30:15.183Z",
  "business": {
    "servicesGenerated": 1,
    "qualityScore": 94.8264655913515,
    "deploymentSuccess": 96.39600367834296,
    "marketOpportunities": 16
  }
}