{
  "timestamp": "2025-08-15T00:15:30.671Z",
  "business": {
    "servicesGenerated": 1,
    "qualityScore": 95.60717412551992,
    "deploymentSuccess": 92.94530521931483,
    "marketOpportunities": 17
  }
}