{
  "timestamp": "2025-08-15T01:52:25.208Z",
  "business": {
    "servicesGenerated": 1,
    "qualityScore": 86.28806074735037,
    "deploymentSuccess": 91.28035449031806,
    "marketOpportunities": 22
  }
}