{
  "timestamp": "2025-08-15T00:24:40.542Z",
  "business": {
    "servicesGenerated": 1,
    "qualityScore": 95.02866746202979,
    "deploymentSuccess": 93.30039165949637,
    "marketOpportunities": 10
  }
}