{
  "timestamp": "2025-08-14T23:23:25.706Z",
  "business": {
    "servicesGenerated": 1,
    "qualityScore": 88.60322639563927,
    "deploymentSuccess": 90.3065416346958,
    "marketOpportunities": 12
  }
}