{
  "timestamp": "2025-08-15T00:27:00.679Z",
  "business": {
    "servicesGenerated": 1,
    "qualityScore": 94.5205586894719,
    "deploymentSuccess": 92.64514875962394,
    "marketOpportunities": 6
  }
}