{
  "timestamp": "2025-08-15T02:11:24.633Z",
  "business": {
    "servicesGenerated": 9,
    "qualityScore": 89.89949011191591,
    "deploymentSuccess": 93.13840657638583,
    "marketOpportunities": 19
  }
}