{
  "timestamp": "2025-08-14T23:09:55.693Z",
  "business": {
    "servicesGenerated": 1,
    "qualityScore": 89.67877887469415,
    "deploymentSuccess": 93.38775635881741,
    "marketOpportunities": 24
  }
}