{
  "timestamp": "2025-08-15T01:52:39.669Z",
  "business": {
    "servicesGenerated": 1,
    "qualityScore": 96.99606480106674,
    "deploymentSuccess": 94.05433194872118,
    "marketOpportunities": 24
  }
}