{
  "timestamp": "2025-08-15T00:13:10.539Z",
  "business": {
    "servicesGenerated": 1,
    "qualityScore": 90.76483246265857,
    "deploymentSuccess": 96.22499508937233,
    "marketOpportunities": 7
  }
}