{
  "timestamp": "2025-08-15T00:19:10.539Z",
  "business": {
    "servicesGenerated": 1,
    "qualityScore": 88.1715041814292,
    "deploymentSuccess": 97.95532826378499,
    "marketOpportunities": 21
  }
}