{
  "timestamp": "2025-08-15T00:23:30.102Z",
  "business": {
    "servicesGenerated": 1,
    "qualityScore": 88.37945680027217,
    "deploymentSuccess": 96.85908613600076,
    "marketOpportunities": 22
  }
}