{
  "timestamp": "2025-08-15T00:33:00.683Z",
  "business": {
    "servicesGenerated": 1,
    "qualityScore": 99.29793850414393,
    "deploymentSuccess": 96.53972680307594,
    "marketOpportunities": 20
  }
}