{
  "timestamp": "2025-08-15T02:11:54.633Z",
  "business": {
    "servicesGenerated": 9,
    "qualityScore": 87.36782427234401,
    "deploymentSuccess": 98.32682228135239,
    "marketOpportunities": 11
  }
}