{
  "timestamp": "2025-08-14T23:34:15.184Z",
  "business": {
    "servicesGenerated": 1,
    "qualityScore": 89.26326306861624,
    "deploymentSuccess": 96.36841872244858,
    "marketOpportunities": 5
  }
}