{
  "timestamp": "2025-08-14T23:14:25.696Z",
  "business": {
    "servicesGenerated": 1,
    "qualityScore": 97.54114507398268,
    "deploymentSuccess": 94.46787894314986,
    "marketOpportunities": 14
  }
}