{
  "timestamp": "2025-08-15T01:54:24.627Z",
  "business": {
    "servicesGenerated": 1,
    "qualityScore": 98.28090881612054,
    "deploymentSuccess": 91.29411205640028,
    "marketOpportunities": 5
  }
}