{
  "timestamp": "2025-08-15T00:20:40.537Z",
  "business": {
    "servicesGenerated": 1,
    "qualityScore": 88.76520470606462,
    "deploymentSuccess": 92.94837047393662,
    "marketOpportunities": 24
  }
}