{
  "timestamp": "2025-08-15T00:10:00.091Z",
  "business": {
    "servicesGenerated": 1,
    "qualityScore": 98.29334585001801,
    "deploymentSuccess": 94.41603708614161,
    "marketOpportunities": 7
  }
}