{
  "timestamp": "2025-08-15T00:32:30.104Z",
  "business": {
    "servicesGenerated": 1,
    "qualityScore": 97.62819707931197,
    "deploymentSuccess": 97.68158664357138,
    "marketOpportunities": 6
  }
}