{
  "timestamp": "2025-08-15T01:59:09.674Z",
  "business": {
    "servicesGenerated": 9,
    "qualityScore": 97.29717254656977,
    "deploymentSuccess": 92.29620039335866,
    "marketOpportunities": 21
  }
}