{
  "timestamp": "2025-08-15T02:08:09.679Z",
  "business": {
    "servicesGenerated": 9,
    "qualityScore": 91.0556015172487,
    "deploymentSuccess": 98.97405209597292,
    "marketOpportunities": 6
  }
}