{
  "timestamp": "2025-08-15T02:02:54.631Z",
  "business": {
    "servicesGenerated": 9,
    "qualityScore": 93.14504369193384,
    "deploymentSuccess": 95.11802633963097,
    "marketOpportunities": 16
  }
}