{
  "timestamp": "2025-08-14T23:38:15.274Z",
  "business": {
    "servicesGenerated": 1,
    "qualityScore": 89.5251314876274,
    "deploymentSuccess": 91.40687892735531,
    "marketOpportunities": 19
  }
}