{
  "timestamp": "2025-08-14T23:32:45.184Z",
  "business": {
    "servicesGenerated": 1,
    "qualityScore": 89.81119472722466,
    "deploymentSuccess": 90.39888245751536,
    "marketOpportunities": 17
  }
}