{
  "timestamp": "2025-08-15T00:14:00.094Z",
  "business": {
    "servicesGenerated": 1,
    "qualityScore": 90.35267882721972,
    "deploymentSuccess": 93.37123284889283,
    "marketOpportunities": 21
  }
}