{
  "timestamp": "2025-08-14T23:26:55.707Z",
  "business": {
    "servicesGenerated": 1,
    "qualityScore": 99.2179277326737,
    "deploymentSuccess": 95.61853931777006,
    "marketOpportunities": 16
  }
}