{
  "timestamp": "2025-08-15T02:12:39.683Z",
  "business": {
    "servicesGenerated": 9,
    "qualityScore": 92.55462276766141,
    "deploymentSuccess": 96.38326878375722,
    "marketOpportunities": 23
  }
}