{
  "timestamp": "2025-08-15T00:24:30.679Z",
  "business": {
    "servicesGenerated": 1,
    "qualityScore": 94.01630097576293,
    "deploymentSuccess": 93.67389245860063,
    "marketOpportunities": 21
  }
}