{
  "timestamp": "2025-08-15T01:59:24.629Z",
  "business": {
    "servicesGenerated": 9,
    "qualityScore": 94.48990572658073,
    "deploymentSuccess": 93.24214468493628,
    "marketOpportunities": 24
  }
}