{
  "timestamp": "2025-08-15T00:33:00.102Z",
  "business": {
    "servicesGenerated": 1,
    "qualityScore": 85.20301686071785,
    "deploymentSuccess": 98.44703268191844,
    "marketOpportunities": 10
  }
}