{
  "timestamp": "2025-08-15T02:06:09.677Z",
  "business": {
    "servicesGenerated": 9,
    "qualityScore": 91.10600192929492,
    "deploymentSuccess": 90.81244450718731,
    "marketOpportunities": 14
  }
}