{
  "timestamp": "2025-08-15T02:03:54.631Z",
  "performance": {
    "responseTimes": 1,
    "throughput": 146.38755172674854,
    "errorRates": 0.008460109902712176,
    "availability": 99.63203094627195
  }
}