{
  "timestamp": "2025-08-15T01:54:54.626Z",
  "performance": {
    "responseTimes": 1,
    "throughput": 113.57703555121117,
    "errorRates": 1.50427524673982,
    "availability": 99.91815487768837
  }
}