{
  "timestamp": "2025-08-15T00:39:00.105Z",
  "performance": {
    "responseTimes": 1,
    "throughput": 55.512424898354304,
    "errorRates": 0.34045107392877716,
    "availability": 99.83732083654671
  }
}