{
  "timestamp": "2025-08-15T02:11:24.632Z",
  "performance": {
    "responseTimes": 2,
    "throughput": 125.51765633450435,
    "errorRates": 1.8243090072338153,
    "availability": 99.67121002065821
  }
}