{
  "timestamp": "2025-08-14T23:34:15.272Z",
  "performance": {
    "responseTimes": 0,
    "throughput": 142.20537836402508,
    "errorRates": 0.717577085247695,
    "availability": 99.63040488704252
  }
}