{
  "timestamp": "2025-08-15T02:04:55.215Z",
  "performance": {
    "responseTimes": 1,
    "throughput": 133.67426423760497,
    "errorRates": 1.8195684169253838,
    "availability": 99.64483490329124
  }
}