{
  "timestamp": "2025-08-15T00:33:30.103Z",
  "performance": {
    "responseTimes": 0,
    "throughput": 118.17875802458515,
    "errorRates": 0.30962901996542636,
    "availability": 99.98458042396204
  }
}