{
  "timestamp": "2025-08-15T00:28:15.140Z",
  "performance": {
    "responseTimes": 3,
    "throughput": 71.68881894805763,
    "errorRates": 0.6803325107923457,
    "availability": 99.52374967483776
  }
}