{
  "timestamp": "2025-08-14T23:28:25.711Z",
  "performance": {
    "responseTimes": 0,
    "throughput": 140.16787287442702,
    "errorRates": 0.6983589228975595,
    "availability": 99.9253893137168
  }
}