{
  "timestamp": "2025-08-15T00:35:15.143Z",
  "performance": {
    "responseTimes": 1,
    "throughput": 115.01855467209465,
    "errorRates": 0.07981151171376766,
    "availability": 99.96893551116027
  }
}