{
  "timestamp": "2025-08-14T23:38:55.715Z",
  "performance": {
    "responseTimes": 1,
    "throughput": 132.77586333520014,
    "errorRates": 0.5331521958679257,
    "availability": 99.90037741399252
  }
}