{
  "timestamp": "2025-08-15T02:06:55.216Z",
  "performance": {
    "responseTimes": 1,
    "throughput": 130.28654243815436,
    "errorRates": 0.522088790861341,
    "availability": 99.90299530351919
  }
}