{
  "timestamp": "2025-08-15T00:34:00.684Z",
  "performance": {
    "responseTimes": 1,
    "throughput": 108.53396771325892,
    "errorRates": 0.39519250186212407,
    "availability": 99.59866247088829
  }
}