{
  "timestamp": "2025-08-15T00:27:10.545Z",
  "performance": {
    "responseTimes": 0,
    "throughput": 109.54389906498358,
    "errorRates": 1.6860486356675186,
    "availability": 99.92982480388227
  }
}