{
  "timestamp": "2025-08-15T00:39:30.106Z",
  "performance": {
    "responseTimes": 1,
    "throughput": 86.30305122472168,
    "errorRates": 0.41181574392759446,
    "availability": 99.82538132713093
  }
}