{
  "timestamp": "2025-08-15T00:37:15.145Z",
  "performance": {
    "responseTimes": 1,
    "throughput": 149.21722211176137,
    "errorRates": 1.750571276206446,
    "availability": 99.54904520626609
  }
}