{
  "timestamp": "2025-08-15T00:35:30.103Z",
  "performance": {
    "responseTimes": 1,
    "throughput": 133.90672338459208,
    "errorRates": 0.8967364221533156,
    "availability": 99.97530063040867
  }
}