{
  "timestamp": "2025-08-14T23:33:25.711Z",
  "performance": {
    "responseTimes": 1,
    "throughput": 83.90607064224662,
    "errorRates": 0.1452379109247457,
    "availability": 99.83038335606732
  }
}