{
  "timestamp": "2025-08-15T00:39:45.149Z",
  "performance": {
    "responseTimes": 1,
    "throughput": 72.0231929965933,
    "errorRates": 0.3571785581641467,
    "availability": 99.89737605272767
  }
}