{
  "timestamp": "2025-08-15T00:29:30.683Z",
  "performance": {
    "responseTimes": 9,
    "throughput": 114.15951343764878,
    "errorRates": 0.029380287281060014,
    "availability": 99.65160136911781
  }
}