{
  "timestamp": "2025-08-15T00:15:00.092Z",
  "performance": {
    "responseTimes": 1,
    "throughput": 70.21358753493843,
    "errorRates": 1.4536003457597073,
    "availability": 99.63637207736834
  }
}