{
  "timestamp": "2025-08-15T00:24:00.679Z",
  "performance": {
    "responseTimes": 0,
    "throughput": 73.13580472319089,
    "errorRates": 1.2355326524499746,
    "availability": 99.61470405004141
  }
}