{
  "timestamp": "2025-08-15T00:22:30.099Z",
  "performance": {
    "responseTimes": 1,
    "throughput": 108.13264050150752,
    "errorRates": 0.30732627363230103,
    "availability": 99.64614134871672
  }
}