{
  "timestamp": "2025-08-14T23:30:15.182Z",
  "performance": {
    "responseTimes": 1,
    "throughput": 65.0121345100313,
    "errorRates": 1.4554429092931143,
    "availability": 99.77848393160146
  }
}