{
  "timestamp": "2025-08-14T23:29:55.714Z",
  "performance": {
    "responseTimes": 2,
    "throughput": 75.26981831869675,
    "errorRates": 1.603136433709718,
    "availability": 99.65134225808991
  }
}