{
  "timestamp": "2025-08-14T23:57:51.764Z",
  "performance": {
    "responseTimes": 2,
    "throughput": 104.05268132320859,
    "errorRates": 1.6057828350100833,
    "availability": 99.82857387883932
  }
}