{
  "timestamp": "2025-08-14T23:16:25.699Z",
  "performance": {
    "responseTimes": 0,
    "throughput": 58.962051744048914,
    "errorRates": 1.3969336439070834,
    "availability": 99.66088235154223
  }
}