{
  "timestamp": "2025-08-15T02:08:25.219Z",
  "performance": {
    "responseTimes": 1,
    "throughput": 52.47755807049374,
    "errorRates": 1.0105603930443112,
    "availability": 99.52240577630185
  }
}