{
  "timestamp": "2025-08-15T00:18:30.674Z",
  "performance": {
    "responseTimes": 1,
    "throughput": 126.18922541606783,
    "errorRates": 1.4007870211455997,
    "availability": 99.96567306624925
  }
}