{
  "timestamp": "2025-08-15T00:33:00.683Z",
  "performance": {
    "responseTimes": 2,
    "throughput": 132.63777163687192,
    "errorRates": 0.25876003368750533,
    "availability": 99.9203704683248
  }
}