{
  "timestamp": "2025-08-15T00:29:30.107Z",
  "performance": {
    "responseTimes": 2,
    "throughput": 119.87263003399866,
    "errorRates": 1.6798955864615754,
    "availability": 99.86960636658871
  }
}