{
  "timestamp": "2025-08-15T02:12:24.634Z",
  "performance": {
    "responseTimes": 1,
    "throughput": 52.85277198605938,
    "errorRates": 1.6213982885631286,
    "availability": 99.62978658329614
  }
}