{
  "timestamp": "2025-08-15T00:09:00.089Z",
  "performance": {
    "responseTimes": 1,
    "throughput": 123.60555373323072,
    "errorRates": 0.18354038560634578,
    "availability": 99.68939720371473
  }
}