{
  "timestamp": "2025-08-15T00:21:40.540Z",
  "performance": {
    "responseTimes": 1,
    "throughput": 112.53397797024753,
    "errorRates": 1.5020432858689006,
    "availability": 99.76519303945304
  }
}