{
  "timestamp": "2025-08-15T01:58:09.673Z",
  "performance": {
    "responseTimes": 1,
    "throughput": 132.13671874696485,
    "errorRates": 0.81158200442739,
    "availability": 99.96832039076537
  }
}