{
  "timestamp": "2025-08-14T23:58:21.761Z",
  "performance": {
    "responseTimes": 1,
    "throughput": 91.11747625725599,
    "errorRates": 1.3425010926769478,
    "availability": 99.6792680978222
  }
}