{
  "timestamp": "2025-08-15T00:39:15.149Z",
  "performance": {
    "responseTimes": 1,
    "throughput": 131.21722077246824,
    "errorRates": 1.5770601441618721,
    "availability": 99.6413737121818
  }
}