{
  "timestamp": "2025-08-15T00:12:00.668Z",
  "performance": {
    "responseTimes": 1,
    "throughput": 79.9981472161079,
    "errorRates": 0.8901169217368903,
    "availability": 99.9464595824707
  }
}