{
  "timestamp": "2025-08-15T00:12:30.668Z",
  "performance": {
    "responseTimes": 1,
    "throughput": 75.57645252922603,
    "errorRates": 0.299396150111213,
    "availability": 99.58819832140871
  }
}