{
  "timestamp": "2025-08-15T00:35:00.102Z",
  "performance": {
    "responseTimes": 2,
    "throughput": 113.29314268708723,
    "errorRates": 0.7533817020520703,
    "availability": 99.74864284627935
  }
}