{
  "timestamp": "2025-08-15T02:10:24.633Z",
  "performance": {
    "responseTimes": 1,
    "throughput": 107.60842902239354,
    "errorRates": 1.940094860136142,
    "availability": 99.95349219514111
  }
}