{
  "timestamp": "2025-08-14T23:11:55.696Z",
  "performance": {
    "responseTimes": 2,
    "throughput": 73.60172534691421,
    "errorRates": 1.6427297114072315,
    "availability": 99.9697728824478
  }
}