{
  "timestamp": "2025-08-15T00:32:30.683Z",
  "performance": {
    "responseTimes": 1,
    "throughput": 62.54622280621504,
    "errorRates": 1.9932982978676468,
    "availability": 99.97621137949656
  }
}