{
  "timestamp": "2025-08-15T00:19:00.674Z",
  "performance": {
    "responseTimes": 0,
    "throughput": 134.04892993636403,
    "errorRates": 0.29159489605624955,
    "availability": 99.82126428699489
  }
}