{
  "timestamp": "2025-08-14T23:25:55.707Z",
  "performance": {
    "responseTimes": 2,
    "throughput": 147.2157172980729,
    "errorRates": 1.2132497381038876,
    "availability": 99.73113680392561
  }
}