{
  "timestamp": "2025-08-15T02:10:25.219Z",
  "performance": {
    "responseTimes": 1,
    "throughput": 107.02395993207887,
    "errorRates": 0.9829030373884331,
    "availability": 99.54342764477104
  }
}