{
  "timestamp": "2025-08-15T00:15:30.094Z",
  "performance": {
    "responseTimes": 1,
    "throughput": 133.77021355872654,
    "errorRates": 1.5334797412752263,
    "availability": 99.75580099615298
  }
}