{
  "timestamp": "2025-08-15T00:19:30.098Z",
  "performance": {
    "responseTimes": 1,
    "throughput": 141.5963867704436,
    "errorRates": 0.6195239462514719,
    "availability": 99.59720555435767
  }
}