{
  "timestamp": "2025-08-15T01:52:54.626Z",
  "performance": {
    "responseTimes": 1,
    "throughput": 116.92872111576283,
    "errorRates": 1.0576563416980043,
    "availability": 99.93070792795564
  }
}