{
  "timestamp": "2025-08-15T00:24:00.101Z",
  "performance": {
    "responseTimes": 1,
    "throughput": 90.91980519408287,
    "errorRates": 1.3839390803250091,
    "availability": 99.51920800287924
  }
}