{
  "timestamp": "2025-08-15T00:12:10.539Z",
  "performance": {
    "responseTimes": 0,
    "throughput": 109.87110706974693,
    "errorRates": 0.0779766339872272,
    "availability": 99.96228143480987
  }
}