{
  "timestamp": "2025-08-15T01:56:25.209Z",
  "performance": {
    "responseTimes": 2,
    "throughput": 55.28319068223047,
    "errorRates": 0.782434460011451,
    "availability": 99.56602902906712
  }
}