{
  "timestamp": "2025-08-15T02:11:25.220Z",
  "performance": {
    "responseTimes": 1,
    "throughput": 141.83016143890683,
    "errorRates": 1.4988488566170712,
    "availability": 99.85040127664294
  }
}