{
  "timestamp": "2025-08-15T00:39:30.686Z",
  "performance": {
    "responseTimes": 1,
    "throughput": 54.54412732815428,
    "errorRates": 0.43355827383844536,
    "availability": 99.84221783744209
  }
}