{
  "timestamp": "2025-08-15T02:02:24.631Z",
  "performance": {
    "responseTimes": 1,
    "throughput": 115.55035250078393,
    "errorRates": 0.34592799486737835,
    "availability": 99.91386290463365
  }
}