{
  "timestamp": "2025-08-15T00:18:00.095Z",
  "performance": {
    "responseTimes": 1,
    "throughput": 87.21039308220533,
    "errorRates": 1.3717797021859726,
    "availability": 99.56345199436413
  }
}