{
  "timestamp": "2025-08-15T00:22:00.099Z",
  "performance": {
    "responseTimes": 1,
    "throughput": 116.67380279884165,
    "errorRates": 1.2688127763578638,
    "availability": 99.74561181409076
  }
}