{
  "timestamp": "2025-08-15T02:12:55.220Z",
  "performance": {
    "responseTimes": 1,
    "throughput": 97.28154815575789,
    "errorRates": 1.6176463148785092,
    "availability": 99.83434326135668
  }
}