{
  "timestamp": "2025-08-14T23:31:15.269Z",
  "performance": {
    "responseTimes": 4,
    "throughput": 71.31878185868615,
    "errorRates": 0.7206822146102678,
    "availability": 99.9420254549452
  }
}