{
  "timestamp": "2025-08-15T00:36:45.145Z",
  "performance": {
    "responseTimes": 2,
    "throughput": 113.25609526705018,
    "errorRates": 0.2055073757810053,
    "availability": 99.56791297192531
  }
}