{
  "timestamp": "2025-08-15T00:37:30.684Z",
  "performance": {
    "responseTimes": 1,
    "throughput": 144.40700784468802,
    "errorRates": 1.125765445680325,
    "availability": 99.89181427126127
  }
}