{
  "timestamp": "2025-08-14T23:36:45.273Z",
  "performance": {
    "responseTimes": 1,
    "throughput": 80.93062589208017,
    "errorRates": 1.0573142437388383,
    "availability": 99.99477185056683
  }
}