{
  "timestamp": "2025-08-15T02:00:25.211Z",
  "performance": {
    "responseTimes": 1,
    "throughput": 129.02565537776437,
    "errorRates": 0.11735085257341016,
    "availability": 99.68995628600037
  }
}