{
  "timestamp": "2025-08-15T00:16:30.672Z",
  "performance": {
    "responseTimes": 2,
    "throughput": 129.66279789193516,
    "errorRates": 1.26363496663632,
    "availability": 99.55811044377478
  }
}