{
  "timestamp": "2025-08-15T00:28:00.680Z",
  "performance": {
    "responseTimes": 1,
    "throughput": 52.472101202067336,
    "errorRates": 1.4368605455469545,
    "availability": 99.62434217661806
  }
}