{
  "timestamp": "2025-08-15T02:00:24.631Z",
  "performance": {
    "responseTimes": 1,
    "throughput": 106.72285334108057,
    "errorRates": 1.5507309380088832,
    "availability": 99.66140443224144
  }
}