{
  "timestamp": "2025-08-15T01:55:24.627Z",
  "performance": {
    "responseTimes": 1,
    "throughput": 57.207463515731696,
    "errorRates": 0.8563415667543244,
    "availability": 99.67937810072243
  }
}