{
  "timestamp": "2025-08-14T23:26:55.707Z",
  "performance": {
    "responseTimes": 2,
    "throughput": 133.16898093016934,
    "errorRates": 0.4560042583793762,
    "availability": 99.71480110364595
  }
}