{
  "timestamp": "2025-08-15T01:53:55.207Z",
  "performance": {
    "responseTimes": 1,
    "throughput": 106.82926161478284,
    "errorRates": 1.6719910684288686,
    "availability": 99.67485869652536
  }
}