{
  "timestamp": "2025-08-15T00:11:30.091Z",
  "performance": {
    "responseTimes": 1,
    "throughput": 69.06140376949865,
    "errorRates": 1.0832759946243922,
    "availability": 99.95662101071387
  }
}