{
  "timestamp": "2025-08-14T23:30:45.181Z",
  "performance": {
    "responseTimes": 2,
    "throughput": 58.03289349750833,
    "errorRates": 1.6934175231928466,
    "availability": 99.68302295028548
  }
}