{
  "timestamp": "2025-08-15T01:58:24.628Z",
  "performance": {
    "responseTimes": 1,
    "throughput": 133.82519449258757,
    "errorRates": 0.26289324296416305,
    "availability": 99.51644670948198
  }
}