{
  "timestamp": "2025-08-15T01:58:39.674Z",
  "performance": {
    "responseTimes": 1,
    "throughput": 92.51380466438519,
    "errorRates": 0.5748250889571835,
    "availability": 99.73787983426652
  }
}