{
  "timestamp": "2025-08-15T00:19:40.539Z",
  "performance": {
    "responseTimes": 1,
    "throughput": 73.83753487915882,
    "errorRates": 1.6135139881041054,
    "availability": 99.72261753736086
  }
}