{
  "timestamp": "2025-08-15T00:34:15.143Z",
  "performance": {
    "responseTimes": 1,
    "throughput": 110.10467078147978,
    "errorRates": 0.8229974336312029,
    "availability": 99.51050221685112
  }
}