{
  "timestamp": "2025-08-15T00:38:15.145Z",
  "performance": {
    "responseTimes": 1,
    "throughput": 145.68317101865725,
    "errorRates": 0.9710546456593958,
    "availability": 99.55940059358629
  }
}