{
  "timestamp": "2025-08-14T23:30:25.711Z",
  "performance": {
    "responseTimes": 1,
    "throughput": 89.90287048651248,
    "errorRates": 1.134650066751567,
    "availability": 99.67266277584504
  }
}