{
  "timestamp": "2025-08-15T01:59:24.629Z",
  "performance": {
    "responseTimes": 2,
    "throughput": 146.38802248666929,
    "errorRates": 1.2483951009221532,
    "availability": 99.95152780742967
  }
}