{
  "timestamp": "2025-08-15T00:11:30.667Z",
  "performance": {
    "responseTimes": 0,
    "throughput": 130.380942224913,
    "errorRates": 1.8835817653213942,
    "availability": 99.5338630186244
  }
}