{
  "timestamp": "2025-08-14T23:22:55.703Z",
  "performance": {
    "responseTimes": 2,
    "throughput": 98.74985130067815,
    "errorRates": 1.5548351690093023,
    "availability": 99.7300169351629
  }
}