{
  "timestamp": "2025-08-15T02:03:55.214Z",
  "performance": {
    "responseTimes": 0,
    "throughput": 147.30371438298334,
    "errorRates": 0.993397016134943,
    "availability": 99.93975659625067
  }
}