{
  "timestamp": "2025-08-15T00:35:45.144Z",
  "performance": {
    "responseTimes": 1,
    "throughput": 128.91728360230155,
    "errorRates": 1.7852476368441197,
    "availability": 99.59683562048453
  }
}