{
  "timestamp": "2025-08-15T00:31:45.142Z",
  "performance": {
    "responseTimes": 1,
    "throughput": 61.17456192947679,
    "errorRates": 0.0239362571589794,
    "availability": 99.90825181048184
  }
}