{
  "timestamp": "2025-08-14T23:23:25.705Z",
  "performance": {
    "responseTimes": 1,
    "throughput": 67.18915040942517,
    "errorRates": 1.2871365112869348,
    "availability": 99.5730736659974
  }
}