{
  "timestamp": "2025-08-15T02:07:39.676Z",
  "performance": {
    "responseTimes": 1,
    "throughput": 79.36719112739735,
    "errorRates": 0.4738308960609836,
    "availability": 99.85681395261055
  }
}