{
  "timestamp": "2025-08-15T00:19:00.096Z",
  "performance": {
    "responseTimes": 0,
    "throughput": 146.85677333094975,
    "errorRates": 1.9733593457278027,
    "availability": 99.51841944503873
  }
}