{
  "timestamp": "2025-08-15T02:04:39.676Z",
  "performance": {
    "responseTimes": 0,
    "throughput": 119.62321157240557,
    "errorRates": 0.5560323498039033,
    "availability": 99.58965980097837
  }
}