{
  "timestamp": "2025-08-15T00:17:00.095Z",
  "performance": {
    "responseTimes": 2,
    "throughput": 131.27042103862433,
    "errorRates": 0.434186910629764,
    "availability": 99.69727060259797
  }
}