{
  "timestamp": "2025-08-15T00:35:30.685Z",
  "performance": {
    "responseTimes": 1,
    "throughput": 94.24480032503413,
    "errorRates": 0.4520956236409983,
    "availability": 99.99257348213787
  }
}