{
  "timestamp": "2025-08-15T00:31:15.142Z",
  "performance": {
    "responseTimes": 2,
    "throughput": 101.89740029984777,
    "errorRates": 0.09263958912211612,
    "availability": 99.57945386499209
  }
}