{
  "timestamp": "2025-08-14T23:30:55.710Z",
  "performance": {
    "responseTimes": 1,
    "throughput": 123.41772659746637,
    "errorRates": 0.17866535952221962,
    "availability": 99.65514224075292
  }
}