{
  "timestamp": "2025-08-14T23:38:15.188Z",
  "performance": {
    "responseTimes": 1,
    "throughput": 139.74271884712329,
    "errorRates": 0.5349080755655482,
    "availability": 99.6930954314513
  }
}