{
  "timestamp": "2025-08-15T02:09:54.633Z",
  "performance": {
    "responseTimes": 1,
    "throughput": 55.30550713522659,
    "errorRates": 1.6656629359697241,
    "availability": 99.98832047792187
  }
}