{
  "timestamp": "2025-08-15T00:14:30.669Z",
  "performance": {
    "responseTimes": 1,
    "throughput": 131.4036152259192,
    "errorRates": 0.47244629243171277,
    "availability": 99.65175084063917
  }
}