{
  "timestamp": "2025-08-15T00:31:30.101Z",
  "performance": {
    "responseTimes": 1,
    "throughput": 106.09475437276467,
    "errorRates": 1.0490270042409264,
    "availability": 99.96060561436092
  }
}