{
  "timestamp": "2025-08-14T23:31:45.182Z",
  "performance": {
    "responseTimes": 1,
    "throughput": 141.5484726698544,
    "errorRates": 0.7568944049562449,
    "availability": 99.76525795772932
  }
}