{
  "timestamp": "2025-08-15T00:18:00.673Z",
  "performance": {
    "responseTimes": 1,
    "throughput": 77.42086617816585,
    "errorRates": 0.6055130677708767,
    "availability": 99.60563935284667
  }
}