{
  "timestamp": "2025-08-15T00:20:30.099Z",
  "performance": {
    "responseTimes": 1,
    "throughput": 87.30286629918893,
    "errorRates": 0.6848636823064909,
    "availability": 99.65685786879565
  }
}