{
  "timestamp": "2025-08-15T00:33:15.143Z",
  "performance": {
    "responseTimes": 1,
    "throughput": 58.88337602047291,
    "errorRates": 1.504798505634247,
    "availability": 99.81161810682983
  }
}