{
  "timestamp": "2025-08-15T01:57:55.210Z",
  "performance": {
    "responseTimes": 1,
    "throughput": 107.07960586275544,
    "errorRates": 1.6774253712516036,
    "availability": 99.58313449803504
  }
}