{
  "timestamp": "2025-08-14T23:15:55.699Z",
  "performance": {
    "responseTimes": 0,
    "throughput": 84.94870413215207,
    "errorRates": 0.3947933952287066,
    "availability": 99.84278385445761
  }
}