{
  "timestamp": "2025-08-14T23:33:15.271Z",
  "performance": {
    "responseTimes": 3,
    "throughput": 87.70387322170907,
    "errorRates": 0.27998672019569026,
    "availability": 99.66262787954548
  }
}