{
  "timestamp": "2025-08-15T00:34:30.684Z",
  "performance": {
    "responseTimes": 1,
    "throughput": 148.52120122789296,
    "errorRates": 0.90386065742873,
    "availability": 99.87284285979915
  }
}