{
  "timestamp": "2025-08-15T01:58:25.209Z",
  "performance": {
    "responseTimes": 1,
    "throughput": 101.61805318851005,
    "errorRates": 1.313948526728412,
    "availability": 99.58735162035948
  }
}