{
  "timestamp": "2025-08-15T01:53:24.627Z",
  "performance": {
    "responseTimes": 1,
    "throughput": 93.38477260765285,
    "errorRates": 1.8034785012113383,
    "availability": 99.9327154951792
  }
}