{
  "timestamp": "2025-08-15T00:23:30.679Z",
  "performance": {
    "responseTimes": 1,
    "throughput": 70.90613763849768,
    "errorRates": 1.1225065582601994,
    "availability": 99.93350681100813
  }
}