{
  "timestamp": "2025-08-15T00:23:00.678Z",
  "performance": {
    "responseTimes": 1,
    "throughput": 124.29038749249996,
    "errorRates": 0.6284220341176683,
    "availability": 99.95285922510406
  }
}