{
  "timestamp": "2025-08-14T23:37:25.712Z",
  "performance": {
    "responseTimes": 5,
    "throughput": 81.6599622811483,
    "errorRates": 1.210000505196915,
    "availability": 99.9856003642318
  }
}