{
  "timestamp": "2025-08-15T00:16:30.095Z",
  "performance": {
    "responseTimes": 1,
    "throughput": 105.60418478822984,
    "errorRates": 1.577161520209605,
    "availability": 99.9605224534035
  }
}