{
  "timestamp": "2025-08-15T01:55:55.209Z",
  "performance": {
    "responseTimes": 0,
    "throughput": 61.641225296252024,
    "errorRates": 1.603550271904579,
    "availability": 99.76718248991563
  }
}