{
  "timestamp": "2025-08-15T00:24:30.679Z",
  "performance": {
    "responseTimes": 0,
    "throughput": 96.3538039131035,
    "errorRates": 1.5766955470845048,
    "availability": 99.74000798296154
  }
}