{
  "timestamp": "2025-08-15T00:23:10.541Z",
  "performance": {
    "responseTimes": 1,
    "throughput": 121.94128868036603,
    "errorRates": 0.4206985949904758,
    "availability": 99.76842236626264
  }
}