{
  "timestamp": "2025-08-15T00:32:00.683Z",
  "performance": {
    "responseTimes": 1,
    "throughput": 120.30101094369368,
    "errorRates": 0.20982864978466198,
    "availability": 99.8777205590805
  }
}