{
  "timestamp": "2025-08-15T00:15:00.669Z",
  "performance": {
    "responseTimes": 2,
    "throughput": 78.17701518668648,
    "errorRates": 1.820022829044623,
    "availability": 99.90813508260527
  }
}