{
  "timestamp": "2025-08-15T02:05:39.676Z",
  "performance": {
    "responseTimes": 1,
    "throughput": 146.2844821370761,
    "errorRates": 1.6481562763850377,
    "availability": 99.69740416146674
  }
}