{
  "timestamp": "2025-08-15T00:15:10.538Z",
  "performance": {
    "responseTimes": 1,
    "throughput": 146.08367294561765,
    "errorRates": 1.1092920075928907,
    "availability": 99.55538293076026
  }
}