{
  "timestamp": "2025-08-15T00:10:40.536Z",
  "performance": {
    "responseTimes": 1,
    "throughput": 62.15595509688636,
    "errorRates": 1.2787490169066738,
    "availability": 99.78011931196224
  }
}