{
  "timestamp": "2025-08-14T23:33:15.183Z",
  "performance": {
    "responseTimes": 1,
    "throughput": 82.00310689453738,
    "errorRates": 1.2952940914568156,
    "availability": 99.65377305322414
  }
}