{
  "timestamp": "2025-08-15T00:28:00.100Z",
  "performance": {
    "responseTimes": 1,
    "throughput": 136.9488543697029,
    "errorRates": 1.1192269495959675,
    "availability": 99.51023974011521
  }
}