{
  "timestamp": "2025-08-15T00:16:40.537Z",
  "performance": {
    "responseTimes": 0,
    "throughput": 124.47104667599392,
    "errorRates": 1.8872138497965616,
    "availability": 99.99675540285898
  }
}