{
  "timestamp": "2025-08-14T23:38:25.713Z",
  "performance": {
    "responseTimes": 8,
    "throughput": 59.12677008204579,
    "errorRates": 0.16176484986661244,
    "availability": 99.97722637461166
  }
}