{
  "timestamp": "2025-08-15T00:31:00.682Z",
  "performance": {
    "responseTimes": 1,
    "throughput": 74.36267437412599,
    "errorRates": 1.669361534142554,
    "availability": 99.79234269223385
  }
}