{
  "timestamp": "2025-08-15T02:02:25.213Z",
  "performance": {
    "responseTimes": 1,
    "throughput": 61.422522431593165,
    "errorRates": 1.4878750405018089,
    "availability": 99.93972416278551
  }
}