{
  "timestamp": "2025-08-15T01:55:54.628Z",
  "performance": {
    "responseTimes": 1,
    "throughput": 107.87748712931423,
    "errorRates": 0.9945995657800997,
    "availability": 99.5735736970806
  }
}