{
  "timestamp": "2025-08-15T00:29:45.140Z",
  "performance": {
    "responseTimes": 1,
    "throughput": 55.47586744413244,
    "errorRates": 1.0528873314795795,
    "availability": 99.92803384827009
  }
}