{
  "timestamp": "2025-08-15T02:08:55.218Z",
  "performance": {
    "responseTimes": 1,
    "throughput": 96.71603906173753,
    "errorRates": 0.5121189434743014,
    "availability": 99.61919033786063
  }
}