{
  "timestamp": "2025-08-15T00:18:40.537Z",
  "performance": {
    "responseTimes": 1,
    "throughput": 127.3392643013777,
    "errorRates": 0.3498353210942362,
    "availability": 99.57821397511152
  }
}