{
  "timestamp": "2025-08-14T23:13:55.696Z",
  "performance": {
    "responseTimes": 1,
    "throughput": 80.48218411028014,
    "errorRates": 0.6783853006040368,
    "availability": 99.80312594862951
  }
}