{
  "timestamp": "2025-08-15T01:54:25.207Z",
  "performance": {
    "responseTimes": 1,
    "throughput": 75.12009620472868,
    "errorRates": 1.8031492862993157,
    "availability": 99.82541668417842
  }
}