{
  "timestamp": "2025-08-15T01:56:54.626Z",
  "performance": {
    "responseTimes": 1,
    "throughput": 108.36231892181058,
    "errorRates": 1.285725900486542,
    "availability": 99.98144810075858
  }
}