{
  "timestamp": "2025-08-15T00:14:30.093Z",
  "performance": {
    "responseTimes": 1,
    "throughput": 94.78559073515882,
    "errorRates": 0.5108448170506481,
    "availability": 99.66864278298245
  }
}