{
  "timestamp": "2025-08-15T00:34:45.143Z",
  "performance": {
    "responseTimes": 1,
    "throughput": 75.09084465813362,
    "errorRates": 0.2829587281250112,
    "availability": 99.87217884382926
  }
}