{
  "timestamp": "2025-08-15T00:30:45.141Z",
  "performance": {
    "responseTimes": 1,
    "throughput": 51.81257229365281,
    "errorRates": 0.9397900936125754,
    "availability": 99.78122818169318
  }
}