{
  "timestamp": "2025-08-15T00:30:30.681Z",
  "performance": {
    "responseTimes": 1,
    "throughput": 74.16235555504514,
    "errorRates": 1.7622902499808606,
    "availability": 99.89283770821552
  }
}