{
  "timestamp": "2025-08-14T23:13:55.687Z",
  "predictions": {
    "resourceUsage": {
      "1hour": 1613.8237869949207,
      "6hours": 1612.9427219695244,
      "24hours": 1609.7708878780975
    },
    "performance": {
      "1hour": 2.2395131879639867,
      "6hours": 8.437079127783921,
      "24hours": 30.74831651113568
    },
    "business": {
      "1hour": 86.73124005723794,
      "6hours": 85.7695325422808,
      "24hours": 82.3073854884351
    }
  }
}