{
  "timestamp": "2025-08-14T23:34:15.267Z",
  "predictions": {
    "resourceUsage": {
      "1hour": 2004.68375685915,
      "6hours": 2013.1025411548992,
      "24hours": 2043.410164619597
    },
    "performance": {
      "1hour": 0.21516358978369787,
      "6hours": 0,
      "24hours": 0
    },
    "business": {
      "1hour": 94.75844546518395,
      "6hours": 96.61459849870411,
      "24hours": 103.29674941937667
    }
  }
}