{
  "timestamp": "2025-08-15T01:57:39.654Z",
  "predictions": {
    "resourceUsage": {
      "1hour": 2067.4881333023045,
      "6hours": 2069.928799813827,
      "24hours": 2078.7151992553086
    },
    "performance": {},
    "business": {
      "1hour": 93.76041599599921,
      "6hours": 86.22141578090597,
      "24hours": 59.08101500657028
    }
  }
}