{
  "timestamp": "2025-08-15T01:56:54.606Z",
  "predictions": {
    "resourceUsage": {
      "1hour": 2065.05295555021,
      "6hours": 2065.317733301258,
      "24hours": 2066.270933205032
    },
    "performance": {
      "1hour": 2.1611318768222567,
      "6hours": 2.966791260933539,
      "24hours": 5.867165043734156
    },
    "business": {
      "1hour": 99.52913783172497,
      "6hours": 99.5477041795041,
      "24hours": 99.61454303150896
    }
  }
}