{
  "timestamp": "2025-08-14T23:33:55.688Z",
  "predictions": {
    "resourceUsage": {
      "1hour": 1999.7253265384747,
      "6hours": 1998.3519592308485,
      "24hours": 1993.4078369233937
    },
    "performance": {
      "1hour": 0.8978342863578038,
      "6hours": 0.38700571814682283,
      "24hours": 0
    },
    "business": {
      "1hour": 90.07927756380815,
      "6hours": 99.37628847039241,
      "24hours": 132.84552773409573
    }
  }
}