{
  "timestamp": "2025-08-15T00:12:00.086Z",
  "predictions": {
    "resourceUsage": {
      "1hour": 2034.6129897799233,
      "6hours": 2037.6779386795392,
      "24hours": 2048.7117547181574
    },
    "performance": {},
    "business": {
      "1hour": 100.3841407730245,
      "6hours": 104.72949229830371,
      "24hours": 120.3727577893089
    }
  }
}