{
  "timestamp": "2025-08-14T23:28:55.688Z",
  "predictions": {
    "resourceUsage": {
      "1hour": 1620.6825657479992,
      "6hours": 1629.0953944879948,
      "24hours": 1659.381577951979
    },
    "performance": {},
    "business": {
      "1hour": 93.98917217114027,
      "6hours": 103.24812825531431,
      "24hours": 136.58037015834088
    }
  }
}