{
  "timestamp": "2025-08-15T00:32:00.087Z",
  "predictions": {
    "resourceUsage": {
      "1hour": 2059.3365828857145,
      "6hours": 2061.0194973142875,
      "24hours": 2067.077989257151
    },
    "performance": {
      "1hour": 1.697646392584229,
      "6hours": 5.1858783555053725,
      "24hours": 17.74351342202149
    },
    "business": {
      "1hour": 96.65828469698877,
      "6hours": 98.73927344408189,
      "24hours": 106.23083293361712
    }
  }
}