{
  "timestamp": "2025-08-15T00:37:00.087Z",
  "predictions": {
    "resourceUsage": {
      "1hour": 2070.0693984418017,
      "6hours": 2070.4163906508115,
      "24hours": 2071.6655626032457
    },
    "performance": {
      "1hour": 1.3982121957117857,
      "6hours": 3.389273174270714,
      "24hours": 10.557092697082856
    },
    "business": {
      "1hour": 86.83792956866077,
      "6hours": 86.44804294706206,
      "24hours": 85.04445110930669
    }
  }
}