{
  "timestamp": "2025-08-15T00:22:00.000Z",
  "predictions": {
    "resourceUsage": {
      "1hour": 2045.6596393424886,
      "6hours": 2048.957836054932,
      "24hours": 2060.831344219728
    },
    "performance": {
      "1hour": 1.2314806240956038,
      "6hours": 2.388883744573623,
      "24hours": 6.555534978294492
    },
    "business": {
      "1hour": 88.1916127333536,
      "6hours": 93.45838254483677,
      "24hours": 112.41875386617622
    }
  }
}