{
  "timestamp": "2025-08-14T23:57:51.094Z",
  "predictions": {
    "resourceUsage": {
      "1hour": 2049.2673170806274,
      "6hours": 2050.6039024837646,
      "24hours": 2055.415609935058
    },
    "performance": {},
    "business": {
      "1hour": 96.39535585646698,
      "6hours": 96.98366355006303,
      "24hours": 99.10157124700879
    }
  }
}