{
  "timestamp": "2025-08-15T00:21:30.676Z",
  "business": {
    "servicesGenerated": 1,
    "qualityScore": 95.67004896868923,
    "deploymentSuccess": 95.35340857966156,
    "marketOpportunities": 16
  }
}