{
  "timestamp": "2025-08-15T02:08:25.219Z",
  "business": {
    "servicesGenerated": 9,
    "qualityScore": 93.00804631750268,
    "deploymentSuccess": 93.22261777198904,
    "marketOpportunities": 24
  }
}