{
  "timestamp": "2025-08-15T00:28:00.680Z",
  "business": {
    "servicesGenerated": 1,
    "qualityScore": 98.27296057537731,
    "deploymentSuccess": 97.2647899605671,
    "marketOpportunities": 12
  }
}