{
  "timestamp": "2025-08-15T00:11:40.538Z",
  "business": {
    "servicesGenerated": 1,
    "qualityScore": 92.81175522648357,
    "deploymentSuccess": 95.18083992077291,
    "marketOpportunities": 12
  }
}