{
  "timestamp": "2025-08-15T00:41:15.151Z",
  "business": {
    "servicesGenerated": 1,
    "qualityScore": 85.57687673851872,
    "deploymentSuccess": 92.5094715778681,
    "marketOpportunities": 9
  }
}