{
  "timestamp": "2025-08-14T23:10:25.698Z",
  "business": {
    "servicesGenerated": 1,
    "qualityScore": 86.15139562381538,
    "deploymentSuccess": 92.00363416799931,
    "marketOpportunities": 22
  }
}