{
  "timestamp": "2025-08-15T02:01:25.211Z",
  "business": {
    "servicesGenerated": 9,
    "qualityScore": 89.05570359057498,
    "deploymentSuccess": 95.16426049267554,
    "marketOpportunities": 22
  }
}