{
  "timestamp": "2025-08-15T01:53:25.207Z",
  "business": {
    "servicesGenerated": 1,
    "qualityScore": 93.81597493664285,
    "deploymentSuccess": 95.05856649828496,
    "marketOpportunities": 15
  }
}