{
  "timestamp": "2025-08-15T00:36:00.686Z",
  "business": {
    "servicesGenerated": 1,
    "qualityScore": 93.87239355942128,
    "deploymentSuccess": 93.32368815649785,
    "marketOpportunities": 18
  }
}