{
  "timestamp": "2025-08-15T00:25:30.100Z",
  "business": {
    "servicesGenerated": 1,
    "qualityScore": 91.22786833256654,
    "deploymentSuccess": 98.43526842717016,
    "marketOpportunities": 16
  }
}