{
  "timestamp": "2025-08-15T02:05:54.633Z",
  "business": {
    "servicesGenerated": 9,
    "qualityScore": 97.70252283840368,
    "deploymentSuccess": 98.22472488580473,
    "marketOpportunities": 20
  }
}