{
  "timestamp": "2025-08-15T01:56:54.627Z",
  "business": {
    "servicesGenerated": 9,
    "qualityScore": 94.32708940249385,
    "deploymentSuccess": 97.90762518986871,
    "marketOpportunities": 14
  }
}