{
  "timestamp": "2025-08-15T00:41:45.150Z",
  "business": {
    "servicesGenerated": 1,
    "qualityScore": 85.34579344977229,
    "deploymentSuccess": 90.87898200882577,
    "marketOpportunities": 19
  }
}