{
  "timestamp": "2025-08-14T23:58:01.635Z",
  "business": {
    "servicesGenerated": 1,
    "qualityScore": 86.81190899425077,
    "deploymentSuccess": 95.99279083792648,
    "marketOpportunities": 20
  }
}