{
  "timestamp": "2025-08-14T23:58:51.761Z",
  "business": {
    "servicesGenerated": 1,
    "qualityScore": 93.49613104216965,
    "deploymentSuccess": 93.49459121043223,
    "marketOpportunities": 14
  }
}