{
  "timestamp": "2025-08-15T00:24:10.542Z",
  "business": {
    "servicesGenerated": 1,
    "qualityScore": 85.07961281662925,
    "deploymentSuccess": 96.77402143867084,
    "marketOpportunities": 12
  }
}