{
  "timestamp": "2025-08-15T01:54:39.670Z",
  "business": {
    "servicesGenerated": 1,
    "qualityScore": 89.9642305833543,
    "deploymentSuccess": 96.56341326033927,
    "marketOpportunities": 10
  }
}