{
  "timestamp": "2025-08-14T23:17:55.702Z",
  "business": {
    "servicesGenerated": 1,
    "qualityScore": 95.13898270534398,
    "deploymentSuccess": 95.48782606889381,
    "marketOpportunities": 10
  }
}