{
  "timestamp": "2025-08-14T23:18:55.700Z",
  "business": {
    "servicesGenerated": 1,
    "qualityScore": 86.6379704966468,
    "deploymentSuccess": 99.85904805533053,
    "marketOpportunities": 10
  }
}