{
  "timestamp": "2025-08-15T00:33:45.143Z",
  "business": {
    "servicesGenerated": 1,
    "qualityScore": 91.38026291487868,
    "deploymentSuccess": 96.55111368296738,
    "marketOpportunities": 19
  }
}