{
  "timestamp": "2025-08-14T23:31:15.270Z",
  "business": {
    "servicesGenerated": 1,
    "qualityScore": 85.44396474410324,
    "deploymentSuccess": 97.22560414760035,
    "marketOpportunities": 7
  }
}