{
  "timestamp": "2025-08-15T01:53:55.207Z",
  "business": {
    "servicesGenerated": 1,
    "qualityScore": 87.33805412512375,
    "deploymentSuccess": 99.76346025942458,
    "marketOpportunities": 16
  }
}