{
  "timestamp": "2025-08-15T00:25:30.679Z",
  "business": {
    "servicesGenerated": 1,
    "qualityScore": 93.19642973846814,
    "deploymentSuccess": 96.20055152992326,
    "marketOpportunities": 24
  }
}