{
  "timestamp": "2025-08-15T01:52:24.627Z",
  "business": {
    "servicesGenerated": 1,
    "qualityScore": 87.22745848988666,
    "deploymentSuccess": 92.00942820148246,
    "marketOpportunities": 11
  }
}