{
  "timestamp": "2025-08-15T00:26:40.544Z",
  "business": {
    "servicesGenerated": 1,
    "qualityScore": 87.93451092784983,
    "deploymentSuccess": 99.81334293115968,
    "marketOpportunities": 7
  }
}