{
  "timestamp": "2025-08-15T00:39:30.106Z",
  "business": {
    "servicesGenerated": 1,
    "qualityScore": 95.39134486437085,
    "deploymentSuccess": 99.39360901661863,
    "marketOpportunities": 5
  }
}