{
  "timestamp": "2025-08-14T23:14:55.698Z",
  "business": {
    "servicesGenerated": 1,
    "qualityScore": 96.2427828219986,
    "deploymentSuccess": 95.74685816524239,
    "marketOpportunities": 13
  }
}