{
  "timestamp": "2025-08-15T00:33:15.144Z",
  "business": {
    "servicesGenerated": 1,
    "qualityScore": 99.04047302546775,
    "deploymentSuccess": 92.02179441107766,
    "marketOpportunities": 18
  }
}