{
  "timestamp": "2025-08-15T00:33:30.104Z",
  "business": {
    "servicesGenerated": 1,
    "qualityScore": 95.39719056348333,
    "deploymentSuccess": 96.44349539321222,
    "marketOpportunities": 19
  }
}