{
  "timestamp": "2025-08-14T23:38:25.713Z",
  "business": {
    "servicesGenerated": 1,
    "qualityScore": 85.04639441248742,
    "deploymentSuccess": 90.91231880415646,
    "marketOpportunities": 24
  }
}