{
  "timestamp": "2025-08-14T23:29:55.715Z",
  "business": {
    "servicesGenerated": 1,
    "qualityScore": 99.48496665122687,
    "deploymentSuccess": 92.61804666911607,
    "marketOpportunities": 5
  }
}