{
  "timestamp": "2025-08-14T23:30:25.712Z",
  "business": {
    "servicesGenerated": 1,
    "qualityScore": 89.70161466730185,
    "deploymentSuccess": 96.39603798964987,
    "marketOpportunities": 18
  }
}