{
  "timestamp": "2025-08-15T00:38:15.146Z",
  "business": {
    "servicesGenerated": 1,
    "qualityScore": 86.53435141751257,
    "deploymentSuccess": 92.40837874739898,
    "marketOpportunities": 23
  }
}