{
  "timestamp": "2025-08-15T01:54:25.207Z",
  "business": {
    "servicesGenerated": 1,
    "qualityScore": 94.58004508114453,
    "deploymentSuccess": 97.6189600294798,
    "marketOpportunities": 22
  }
}