{
  "timestamp": "2025-08-14T23:34:45.273Z",
  "business": {
    "servicesGenerated": 1,
    "qualityScore": 88.76242444164242,
    "deploymentSuccess": 98.29970903714464,
    "marketOpportunities": 12
  }
}