{
  "timestamp": "2025-08-14T23:31:25.712Z",
  "business": {
    "servicesGenerated": 1,
    "qualityScore": 87.12626146860926,
    "deploymentSuccess": 96.10661544378377,
    "marketOpportunities": 24
  }
}