{
  "timestamp": "2025-08-15T02:05:55.216Z",
  "business": {
    "servicesGenerated": 9,
    "qualityScore": 91.42292631933749,
    "deploymentSuccess": 93.25767039643125,
    "marketOpportunities": 6
  }
}