{
  "timestamp": "2025-08-15T02:02:39.675Z",
  "business": {
    "servicesGenerated": 9,
    "qualityScore": 95.43137870484748,
    "deploymentSuccess": 99.59177763085454,
    "marketOpportunities": 5
  }
}