{
  "timestamp": "2025-08-15T00:38:00.105Z",
  "business": {
    "servicesGenerated": 1,
    "qualityScore": 85.78694994356181,
    "deploymentSuccess": 99.76300387613587,
    "marketOpportunities": 9
  }
}