{
  "timestamp": "2025-08-15T02:11:39.680Z",
  "business": {
    "servicesGenerated": 9,
    "qualityScore": 85.5012560980532,
    "deploymentSuccess": 95.74430935659846,
    "marketOpportunities": 13
  }
}