{
  "timestamp": "2025-08-15T02:08:39.679Z",
  "business": {
    "servicesGenerated": 9,
    "qualityScore": 86.64727817198583,
    "deploymentSuccess": 90.18689501967359,
    "marketOpportunities": 22
  }
}