{
  "timestamp": "2025-08-14T23:33:45.185Z",
  "business": {
    "servicesGenerated": 1,
    "qualityScore": 99.06805376553615,
    "deploymentSuccess": 96.18502394052152,
    "marketOpportunities": 15
  }
}