{
  "timestamp": "2025-08-15T00:38:30.686Z",
  "business": {
    "servicesGenerated": 1,
    "qualityScore": 89.67905501744156,
    "deploymentSuccess": 92.31036539272844,
    "marketOpportunities": 8
  }
}