{
  "timestamp": "2025-08-15T02:14:39.682Z",
  "business": {
    "servicesGenerated": 9,
    "qualityScore": 90.00761922650622,
    "deploymentSuccess": 91.65019674034883,
    "marketOpportunities": 18
  }
}