{
  "timestamp": "2025-08-14T23:35:15.186Z",
  "business": {
    "servicesGenerated": 1,
    "qualityScore": 95.94568220202028,
    "deploymentSuccess": 94.04956987404194,
    "marketOpportunities": 6
  }
}