{
  "timestamp": "2025-08-15T02:13:39.681Z",
  "business": {
    "servicesGenerated": 9,
    "qualityScore": 89.01921430631955,
    "deploymentSuccess": 93.8640675663289,
    "marketOpportunities": 18
  }
}