{
  "timestamp": "2025-08-15T02:10:25.220Z",
  "business": {
    "servicesGenerated": 9,
    "qualityScore": 86.286199290416,
    "deploymentSuccess": 91.83996488447222,
    "marketOpportunities": 20
  }
}