{
  "timestamp": "2025-08-14T23:27:25.709Z",
  "business": {
    "servicesGenerated": 1,
    "qualityScore": 87.14671338751295,
    "deploymentSuccess": 90.25300749092649,
    "marketOpportunities": 7
  }
}