{
  "timestamp": "2025-08-15T00:12:40.539Z",
  "business": {
    "servicesGenerated": 1,
    "qualityScore": 86.47991297276089,
    "deploymentSuccess": 92.28150079481821,
    "marketOpportunities": 17
  }
}