{
  "timestamp": "2025-08-15T02:08:54.632Z",
  "business": {
    "servicesGenerated": 9,
    "qualityScore": 93.68640384994063,
    "deploymentSuccess": 92.32591066065632,
    "marketOpportunities": 20
  }
}