{
  "timestamp": "2025-08-15T00:28:30.680Z",
  "business": {
    "servicesGenerated": 1,
    "qualityScore": 96.27056985339854,
    "deploymentSuccess": 99.0462252261388,
    "marketOpportunities": 8
  }
}