{
  "timestamp": "2025-08-15T02:12:55.221Z",
  "business": {
    "servicesGenerated": 9,
    "qualityScore": 95.07886401831858,
    "deploymentSuccess": 91.11767298380737,
    "marketOpportunities": 22
  }
}