{
  "timestamp": "2025-08-15T00:14:40.537Z",
  "business": {
    "servicesGenerated": 1,
    "qualityScore": 91.25978670265587,
    "deploymentSuccess": 95.64070625950782,
    "marketOpportunities": 13
  }
}