{
  "timestamp": "2025-08-15T00:29:30.684Z",
  "business": {
    "servicesGenerated": 1,
    "qualityScore": 97.26913551975318,
    "deploymentSuccess": 97.93793506952481,
    "marketOpportunities": 14
  }
}