{
  "timestamp": "2025-08-15T00:32:30.683Z",
  "business": {
    "servicesGenerated": 1,
    "qualityScore": 94.8022009799042,
    "deploymentSuccess": 95.39799974684632,
    "marketOpportunities": 21
  }
}