{
  "timestamp": "2025-08-14T23:31:55.712Z",
  "business": {
    "servicesGenerated": 1,
    "qualityScore": 86.30565444570938,
    "deploymentSuccess": 90.59869495497078,
    "marketOpportunities": 14
  }
}