{
  "timestamp": "2025-08-14T23:35:45.273Z",
  "business": {
    "servicesGenerated": 1,
    "qualityScore": 88.5827938947112,
    "deploymentSuccess": 98.42826136491374,
    "marketOpportunities": 9
  }
}