{
  "timestamp": "2025-08-15T02:01:54.631Z",
  "business": {
    "servicesGenerated": 9,
    "qualityScore": 97.34251462587997,
    "deploymentSuccess": 96.08342161153413,
    "marketOpportunities": 7
  }
}