{
  "timestamp": "2025-08-15T00:41:00.107Z",
  "business": {
    "servicesGenerated": 1,
    "qualityScore": 99.09491366258591,
    "deploymentSuccess": 90.76505310168464,
    "marketOpportunities": 24
  }
}