{
  "timestamp": "2025-08-15T00:27:00.101Z",
  "business": {
    "servicesGenerated": 1,
    "qualityScore": 90.95214636082265,
    "deploymentSuccess": 93.28545984561119,
    "marketOpportunities": 7
  }
}