{
  "timestamp": "2025-08-15T02:14:09.682Z",
  "business": {
    "servicesGenerated": 9,
    "qualityScore": 94.05302869525109,
    "deploymentSuccess": 90.40514829835202,
    "marketOpportunities": 16
  }
}