{
  "timestamp": "2025-08-14T23:59:21.762Z",
  "business": {
    "servicesGenerated": 1,
    "qualityScore": 95.13398474389629,
    "deploymentSuccess": 96.52553109876047,
    "marketOpportunities": 13
  }
}