{
  "timestamp": "2025-08-15T00:14:00.670Z",
  "business": {
    "servicesGenerated": 1,
    "qualityScore": 97.75974091833787,
    "deploymentSuccess": 93.35275348559915,
    "marketOpportunities": 17
  }
}