{
  "timestamp": "2025-08-15T00:41:30.108Z",
  "business": {
    "servicesGenerated": 1,
    "qualityScore": 97.36290999168206,
    "deploymentSuccess": 90.27718449654309,
    "marketOpportunities": 12
  }
}