{
  "timestamp": "2025-08-14T23:36:45.187Z",
  "business": {
    "servicesGenerated": 1,
    "qualityScore": 99.1494141831218,
    "deploymentSuccess": 95.40519155307342,
    "marketOpportunities": 23
  }
}