{
  "timestamp": "2025-08-14T23:16:55.698Z",
  "business": {
    "servicesGenerated": 1,
    "qualityScore": 97.38667840432937,
    "deploymentSuccess": 99.4065649581858,
    "marketOpportunities": 18
  }
}