{
  "timestamp": "2025-08-15T01:52:09.672Z",
  "business": {
    "servicesGenerated": 1,
    "qualityScore": 91.34836952126274,
    "deploymentSuccess": 99.60144175721585,
    "marketOpportunities": 20
  }
}