{
  "timestamp": "2025-08-15T00:14:30.094Z",
  "business": {
    "servicesGenerated": 1,
    "qualityScore": 91.09430574389583,
    "deploymentSuccess": 95.68201104918849,
    "marketOpportunities": 10
  }
}