{
  "timestamp": "2025-08-15T00:34:00.103Z",
  "business": {
    "servicesGenerated": 1,
    "qualityScore": 98.70337372737204,
    "deploymentSuccess": 99.7234400918261,
    "marketOpportunities": 18
  }
}