{
  "timestamp": "2025-08-15T00:10:40.536Z",
  "business": {
    "servicesGenerated": 1,
    "qualityScore": 86.28941235373446,
    "deploymentSuccess": 98.34027711308656,
    "marketOpportunities": 17
  }
}