{
  "timestamp": "2025-08-15T02:00:25.211Z",
  "business": {
    "servicesGenerated": 9,
    "qualityScore": 98.81938804231508,
    "deploymentSuccess": 98.50168003253359,
    "marketOpportunities": 22
  }
}