{
  "timestamp": "2025-08-15T01:58:54.628Z",
  "business": {
    "servicesGenerated": 9,
    "qualityScore": 98.97291403199475,
    "deploymentSuccess": 90.23665695249504,
    "marketOpportunities": 12
  }
}