{
  "timestamp": "2025-08-15T02:04:25.215Z",
  "business": {
    "servicesGenerated": 9,
    "qualityScore": 86.69836377391451,
    "deploymentSuccess": 92.56104519145912,
    "marketOpportunities": 10
  }
}