{
  "timestamp": "2025-08-15T01:59:39.674Z",
  "business": {
    "servicesGenerated": 9,
    "qualityScore": 99.19393882978343,
    "deploymentSuccess": 95.57831739001374,
    "marketOpportunities": 16
  }
}