{
  "timestamp": "2025-08-15T00:31:00.682Z",
  "business": {
    "servicesGenerated": 1,
    "qualityScore": 88.4726181376048,
    "deploymentSuccess": 93.41280286674888,
    "marketOpportunities": 8
  }
}