{
  "timestamp": "2025-08-14T23:11:25.699Z",
  "business": {
    "servicesGenerated": 1,
    "qualityScore": 92.54352833185358,
    "deploymentSuccess": 91.66167857637484,
    "marketOpportunities": 13
  }
}