{
  "timestamp": "2025-08-15T00:34:00.684Z",
  "business": {
    "servicesGenerated": 1,
    "qualityScore": 89.07761415887248,
    "deploymentSuccess": 93.3778279038154,
    "marketOpportunities": 22
  }
}