{
  "timestamp": "2025-08-15T00:17:30.096Z",
  "business": {
    "servicesGenerated": 1,
    "qualityScore": 89.22817965588536,
    "deploymentSuccess": 91.26756910714198,
    "marketOpportunities": 10
  }
}