{
  "timestamp": "2025-08-15T01:55:54.628Z",
  "business": {
    "servicesGenerated": 9,
    "qualityScore": 92.90978051480931,
    "deploymentSuccess": 90.75682570177949,
    "marketOpportunities": 5
  }
}