{
  "timestamp": "2025-08-15T00:21:30.100Z",
  "business": {
    "servicesGenerated": 1,
    "qualityScore": 87.13825877105695,
    "deploymentSuccess": 92.53791364726229,
    "marketOpportunities": 19
  }
}