{
  "timestamp": "2025-08-15T00:28:00.101Z",
  "business": {
    "servicesGenerated": 1,
    "qualityScore": 90.8454605888518,
    "deploymentSuccess": 90.64949110324075,
    "marketOpportunities": 10
  }
}