{
  "timestamp": "2025-08-15T02:09:24.633Z",
  "business": {
    "servicesGenerated": 9,
    "qualityScore": 92.0331729740457,
    "deploymentSuccess": 91.23436270074885,
    "marketOpportunities": 21
  }
}