{
  "timestamp": "2025-08-15T00:29:15.147Z",
  "business": {
    "servicesGenerated": 1,
    "qualityScore": 93.00523758430394,
    "deploymentSuccess": 97.9056761054809,
    "marketOpportunities": 9
  }
}