{
  "timestamp": "2025-08-15T00:31:45.142Z",
  "business": {
    "servicesGenerated": 1,
    "qualityScore": 95.3751705994407,
    "deploymentSuccess": 97.55127335148944,
    "marketOpportunities": 23
  }
}