{
  "timestamp": "2025-08-15T00:19:30.674Z",
  "business": {
    "servicesGenerated": 1,
    "qualityScore": 86.48989548595107,
    "deploymentSuccess": 93.35066537725135,
    "marketOpportunities": 9
  }
}