{
  "timestamp": "2025-08-15T00:35:30.103Z",
  "business": {
    "servicesGenerated": 1,
    "qualityScore": 85.05750666536215,
    "deploymentSuccess": 92.7771433329304,
    "marketOpportunities": 16
  }
}