{
  "timestamp": "2025-08-14T23:58:31.631Z",
  "business": {
    "servicesGenerated": 1,
    "qualityScore": 98.58822667926168,
    "deploymentSuccess": 95.7234733251799,
    "marketOpportunities": 8
  }
}