{
  "timestamp": "2025-08-15T00:14:30.670Z",
  "business": {
    "servicesGenerated": 1,
    "qualityScore": 99.90482091582905,
    "deploymentSuccess": 93.0624047849991,
    "marketOpportunities": 19
  }
}