{
  "timestamp": "2025-08-15T02:01:24.631Z",
  "business": {
    "servicesGenerated": 9,
    "qualityScore": 97.81922585481715,
    "deploymentSuccess": 99.19822136318288,
    "marketOpportunities": 10
  }
}