{
  "timestamp": "2025-08-15T01:52:55.207Z",
  "business": {
    "servicesGenerated": 1,
    "qualityScore": 93.16169721338346,
    "deploymentSuccess": 99.7773238631819,
    "marketOpportunities": 14
  }
}