{
  "timestamp": "2025-08-15T00:37:30.685Z",
  "business": {
    "servicesGenerated": 1,
    "qualityScore": 99.21352767290719,
    "deploymentSuccess": 97.62034387579772,
    "marketOpportunities": 22
  }
}