{
  "timestamp": "2025-08-15T02:07:54.633Z",
  "business": {
    "servicesGenerated": 9,
    "qualityScore": 88.30826197762131,
    "deploymentSuccess": 97.56589368297269,
    "marketOpportunities": 10
  }
}