{
  "timestamp": "2025-08-15T00:16:30.672Z",
  "business": {
    "servicesGenerated": 1,
    "qualityScore": 98.6525827982372,
    "deploymentSuccess": 91.18473387108213,
    "marketOpportunities": 21
  }
}