{
  "timestamp": "2025-08-15T00:26:10.545Z",
  "business": {
    "servicesGenerated": 1,
    "qualityScore": 91.37107468386121,
    "deploymentSuccess": 97.11551991835694,
    "marketOpportunities": 7
  }
}