{
  "timestamp": "2025-08-15T00:18:40.537Z",
  "business": {
    "servicesGenerated": 1,
    "qualityScore": 86.0894098136442,
    "deploymentSuccess": 92.08395935840277,
    "marketOpportunities": 10
  }
}