{
  "timestamp": "2025-08-15T00:15:00.670Z",
  "business": {
    "servicesGenerated": 1,
    "qualityScore": 97.1215096048641,
    "deploymentSuccess": 97.2448766344315,
    "marketOpportunities": 18
  }
}