{
  "timestamp": "2025-08-15T00:23:00.678Z",
  "business": {
    "servicesGenerated": 1,
    "qualityScore": 89.41264367933243,
    "deploymentSuccess": 92.43046896093574,
    "marketOpportunities": 22
  }
}