{
  "timestamp": "2025-08-15T00:18:00.095Z",
  "business": {
    "servicesGenerated": 1,
    "qualityScore": 87.74424747039302,
    "deploymentSuccess": 97.29845798428144,
    "marketOpportunities": 23
  }
}