{
  "timestamp": "2025-08-14T23:31:45.271Z",
  "business": {
    "servicesGenerated": 1,
    "qualityScore": 99.23798937952768,
    "deploymentSuccess": 98.4878898695937,
    "marketOpportunities": 20
  }
}