{
  "timestamp": "2025-08-15T00:42:00.690Z",
  "business": {
    "servicesGenerated": 1,
    "qualityScore": 98.75038529365173,
    "deploymentSuccess": 90.62097041209168,
    "marketOpportunities": 22
  }
}