{
  "timestamp": "2025-08-14T23:19:55.701Z",
  "business": {
    "servicesGenerated": 1,
    "qualityScore": 99.7092913299119,
    "deploymentSuccess": 97.0781876119462,
    "marketOpportunities": 13
  }
}