{
  "timestamp": "2025-08-14T23:38:55.715Z",
  "business": {
    "servicesGenerated": 1,
    "qualityScore": 92.83272815918235,
    "deploymentSuccess": 95.8937908219995,
    "marketOpportunities": 24
  }
}