{
  "timestamp": "2025-08-15T00:15:00.092Z",
  "business": {
    "servicesGenerated": 1,
    "qualityScore": 96.95086035581718,
    "deploymentSuccess": 96.03224596634627,
    "marketOpportunities": 9
  }
}