{
  "timestamp": "2025-08-14T23:12:55.696Z",
  "business": {
    "servicesGenerated": 1,
    "qualityScore": 86.56262164357177,
    "deploymentSuccess": 91.70860302257613,
    "marketOpportunities": 18
  }
}