{
  "timestamp": "2025-08-15T02:14:24.634Z",
  "business": {
    "servicesGenerated": 9,
    "qualityScore": 88.64507843988174,
    "deploymentSuccess": 96.27691744158764,
    "marketOpportunities": 17
  }
}