{
  "timestamp": "2025-08-15T00:40:30.687Z",
  "business": {
    "servicesGenerated": 1,
    "qualityScore": 99.09623244186693,
    "deploymentSuccess": 92.82038661695579,
    "marketOpportunities": 21
  }
}