{
  "timestamp": "2025-08-15T01:58:39.674Z",
  "business": {
    "servicesGenerated": 9,
    "qualityScore": 91.65559311177003,
    "deploymentSuccess": 90.3765761577825,
    "marketOpportunities": 6
  }
}