{
  "timestamp": "2025-08-15T01:57:25.210Z",
  "business": {
    "servicesGenerated": 9,
    "qualityScore": 90.76610628791418,
    "deploymentSuccess": 96.2360921709994,
    "marketOpportunities": 5
  }
}