{
  "timestamp": "2025-08-15T01:57:09.673Z",
  "business": {
    "servicesGenerated": 9,
    "qualityScore": 95.26821603901786,
    "deploymentSuccess": 93.77620935073202,
    "marketOpportunities": 11
  }
}