{
  "timestamp": "2025-08-15T00:39:00.686Z",
  "business": {
    "servicesGenerated": 1,
    "qualityScore": 95.2409813570956,
    "deploymentSuccess": 95.42037305963804,
    "marketOpportunities": 5
  }
}