{
  "timestamp": "2025-08-15T02:09:55.219Z",
  "business": {
    "servicesGenerated": 9,
    "qualityScore": 96.60412407966105,
    "deploymentSuccess": 97.27720477321985,
    "marketOpportunities": 21
  }
}