{
  "timestamp": "2025-08-15T00:16:00.671Z",
  "business": {
    "servicesGenerated": 1,
    "qualityScore": 85.55276455631122,
    "deploymentSuccess": 95.23975235821158,
    "marketOpportunities": 10
  }
}