{
  "timestamp": "2025-08-15T02:11:09.681Z",
  "business": {
    "servicesGenerated": 9,
    "qualityScore": 86.81643502551623,
    "deploymentSuccess": 92.21664328712552,
    "marketOpportunities": 23
  }
}