{
  "timestamp": "2025-08-15T00:36:30.685Z",
  "business": {
    "servicesGenerated": 1,
    "qualityScore": 86.91590689298052,
    "deploymentSuccess": 98.53760412453187,
    "marketOpportunities": 20
  }
}