{
  "timestamp": "2025-08-14T23:36:25.713Z",
  "business": {
    "servicesGenerated": 1,
    "qualityScore": 94.02446178520923,
    "deploymentSuccess": 94.19404356073083,
    "marketOpportunities": 10
  }
}