{
  "timestamp": "2025-08-15T02:03:25.215Z",
  "business": {
    "servicesGenerated": 9,
    "qualityScore": 89.78849052042685,
    "deploymentSuccess": 99.1273640689428,
    "marketOpportunities": 15
  }
}