{
  "timestamp": "2025-08-14T23:32:15.270Z",
  "business": {
    "servicesGenerated": 1,
    "qualityScore": 92.68018709477796,
    "deploymentSuccess": 91.97338598166297,
    "marketOpportunities": 14
  }
}