{
  "timestamp": "2025-08-15T02:07:39.677Z",
  "business": {
    "servicesGenerated": 9,
    "qualityScore": 89.41376367556192,
    "deploymentSuccess": 93.96159758043322,
    "marketOpportunities": 17
  }
}