{
  "timestamp": "2025-08-15T00:18:10.538Z",
  "business": {
    "servicesGenerated": 1,
    "qualityScore": 94.25370460995816,
    "deploymentSuccess": 91.36345371784314,
    "marketOpportunities": 12
  }
}