{
  "timestamp": "2025-08-15T01:56:24.627Z",
  "business": {
    "servicesGenerated": 9,
    "qualityScore": 92.39919188141727,
    "deploymentSuccess": 94.2328998775821,
    "marketOpportunities": 6
  }
}