{
  "timestamp": "2025-08-14T23:30:45.268Z",
  "business": {
    "servicesGenerated": 1,
    "qualityScore": 85.87479144591669,
    "deploymentSuccess": 93.87119410400042,
    "marketOpportunities": 6
  }
}