{
  "timestamp": "2025-08-15T00:29:00.682Z",
  "business": {
    "servicesGenerated": 1,
    "qualityScore": 86.42472320545997,
    "deploymentSuccess": 96.11604241200418,
    "marketOpportunities": 5
  }
}