{
  "timestamp": "2025-08-15T02:04:55.216Z",
  "business": {
    "servicesGenerated": 9,
    "qualityScore": 98.93334402862212,
    "deploymentSuccess": 99.69000802169181,
    "marketOpportunities": 8
  }
}