{
  "timestamp": "2025-08-15T01:54:09.670Z",
  "business": {
    "servicesGenerated": 1,
    "qualityScore": 94.52104308783095,
    "deploymentSuccess": 94.4076101463907,
    "marketOpportunities": 22
  }
}