{
  "timestamp": "2025-08-15T00:11:30.667Z",
  "business": {
    "servicesGenerated": 1,
    "qualityScore": 99.51507046796866,
    "deploymentSuccess": 93.7163498570716,
    "marketOpportunities": 19
  }
}