{
  "timestamp": "2025-08-15T00:21:10.539Z",
  "business": {
    "servicesGenerated": 1,
    "qualityScore": 87.03003646738728,
    "deploymentSuccess": 91.40369842137008,
    "marketOpportunities": 18
  }
}