{
  "timestamp": "2025-08-15T00:19:00.675Z",
  "business": {
    "servicesGenerated": 1,
    "qualityScore": 95.97818502444366,
    "deploymentSuccess": 97.67308959244579,
    "marketOpportunities": 11
  }
}