{
  "timestamp": "2025-08-15T00:22:30.099Z",
  "business": {
    "servicesGenerated": 1,
    "qualityScore": 99.09584354607613,
    "deploymentSuccess": 96.33319560945114,
    "marketOpportunities": 12
  }
}