{
  "timestamp": "2025-08-14T23:34:15.273Z",
  "business": {
    "servicesGenerated": 1,
    "qualityScore": 85.7260047623205,
    "deploymentSuccess": 95.83859884638491,
    "marketOpportunities": 20
  }
}