{
  "timestamp": "2025-08-14T23:32:15.183Z",
  "business": {
    "servicesGenerated": 1,
    "qualityScore": 85.88100408393201,
    "deploymentSuccess": 94.38032677875684,
    "marketOpportunities": 6
  }
}