{
  "timestamp": "2025-08-15T02:03:39.675Z",
  "business": {
    "servicesGenerated": 9,
    "qualityScore": 86.18035719516153,
    "deploymentSuccess": 90.12434515182512,
    "marketOpportunities": 18
  }
}