{
  "timestamp": "2025-08-15T00:30:00.102Z",
  "business": {
    "servicesGenerated": 1,
    "qualityScore": 88.0534825390052,
    "deploymentSuccess": 94.53939929552396,
    "marketOpportunities": 7
  }
}