{
  "timestamp": "2025-08-15T00:26:30.102Z",
  "business": {
    "servicesGenerated": 1,
    "qualityScore": 88.56958790257826,
    "deploymentSuccess": 97.17168841840686,
    "marketOpportunities": 17
  }
}