{
  "timestamp": "2025-08-15T00:13:00.093Z",
  "business": {
    "servicesGenerated": 1,
    "qualityScore": 85.4253786321393,
    "deploymentSuccess": 93.06565466446644,
    "marketOpportunities": 8
  }
}