{
  "timestamp": "2025-08-15T02:11:55.221Z",
  "business": {
    "servicesGenerated": 9,
    "qualityScore": 88.03119218140316,
    "deploymentSuccess": 98.02873724508268,
    "marketOpportunities": 17
  }
}