{
  "timestamp": "2025-08-14T23:57:51.765Z",
  "business": {
    "servicesGenerated": 1,
    "qualityScore": 93.33571598746002,
    "deploymentSuccess": 94.04984688364074,
    "marketOpportunities": 7
  }
}