{
  "timestamp": "2025-08-14T23:31:15.183Z",
  "business": {
    "servicesGenerated": 1,
    "qualityScore": 85.19382999500843,
    "deploymentSuccess": 90.97871850905207,
    "marketOpportunities": 21
  }
}