{
  "timestamp": "2025-08-15T00:38:30.106Z",
  "business": {
    "servicesGenerated": 1,
    "qualityScore": 90.12316878594353,
    "deploymentSuccess": 97.09110842668066,
    "marketOpportunities": 7
  }
}