{
  "timestamp": "2025-08-15T00:37:00.684Z",
  "business": {
    "servicesGenerated": 1,
    "qualityScore": 98.53250467543614,
    "deploymentSuccess": 98.76775614560127,
    "marketOpportunities": 8
  }
}