{
  "timestamp": "2025-08-15T00:34:45.144Z",
  "business": {
    "servicesGenerated": 1,
    "qualityScore": 93.43751419656742,
    "deploymentSuccess": 93.23254394087628,
    "marketOpportunities": 15
  }
}