{
  "timestamp": "2025-08-15T00:28:45.138Z",
  "business": {
    "servicesGenerated": 1,
    "qualityScore": 87.09321330404207,
    "deploymentSuccess": 98.82125264553676,
    "marketOpportunities": 13
  }
}