{
  "timestamp": "2025-08-14T23:15:55.699Z",
  "business": {
    "servicesGenerated": 1,
    "qualityScore": 89.21051929809376,
    "deploymentSuccess": 94.87034328187706,
    "marketOpportunities": 23
  }
}