{
  "timestamp": "2025-08-14T23:34:25.714Z",
  "business": {
    "servicesGenerated": 1,
    "qualityScore": 93.11641343950208,
    "deploymentSuccess": 96.3295408827976,
    "marketOpportunities": 12
  }
}