{
  "timestamp": "2025-08-15T00:31:00.101Z",
  "business": {
    "servicesGenerated": 1,
    "qualityScore": 89.54736524949213,
    "deploymentSuccess": 93.18986825761745,
    "marketOpportunities": 12
  }
}