{
  "timestamp": "2025-08-14T23:59:21.185Z",
  "business": {
    "servicesGenerated": 1,
    "qualityScore": 95.84819297532577,
    "deploymentSuccess": 95.90836127003499,
    "marketOpportunities": 21
  }
}