{
  "timestamp": "2025-08-14T23:27:55.711Z",
  "business": {
    "servicesGenerated": 1,
    "qualityScore": 98.95582662702952,
    "deploymentSuccess": 95.42969264801539,
    "marketOpportunities": 12
  }
}