{
  "timestamp": "2025-08-15T00:09:00.666Z",
  "business": {
    "servicesGenerated": 1,
    "qualityScore": 95.65737413917806,
    "deploymentSuccess": 93.84867158828256,
    "marketOpportunities": 12
  }
}