{
  "timestamp": "2025-08-15T00:28:30.101Z",
  "business": {
    "servicesGenerated": 1,
    "qualityScore": 93.86800136225462,
    "deploymentSuccess": 90.23994765424492,
    "marketOpportunities": 5
  }
}