{
  "timestamp": "2025-08-15T00:30:30.682Z",
  "business": {
    "servicesGenerated": 1,
    "qualityScore": 97.29165219100953,
    "deploymentSuccess": 96.26836589785727,
    "marketOpportunities": 21
  }
}