{
  "timestamp": "2025-08-15T01:56:25.210Z",
  "business": {
    "servicesGenerated": 9,
    "qualityScore": 99.52542456216914,
    "deploymentSuccess": 97.48413163871744,
    "marketOpportunities": 16
  }
}