{
  "timestamp": "2025-08-15T00:28:15.165Z",
  "business": {
    "servicesGenerated": 1,
    "qualityScore": 90.23934320973517,
    "deploymentSuccess": 90.32701847452229,
    "marketOpportunities": 9
  }
}