{
  "timestamp": "2025-08-15T00:23:30.681Z",
  "business": {
    "servicesGenerated": 1,
    "qualityScore": 95.83213710706855,
    "deploymentSuccess": 98.74150620927709,
    "marketOpportunities": 5
  }
}