{
  "timestamp": "2025-08-15T00:22:10.541Z",
  "business": {
    "servicesGenerated": 1,
    "qualityScore": 87.08947221688554,
    "deploymentSuccess": 91.58875746967253,
    "marketOpportunities": 17
  }
}