{
  "timestamp": "2025-08-14T23:25:55.708Z",
  "business": {
    "servicesGenerated": 1,
    "qualityScore": 93.7463399960544,
    "deploymentSuccess": 98.19497669184622,
    "marketOpportunities": 11
  }
}