{
  "timestamp": "2025-08-15T01:58:09.673Z",
  "business": {
    "servicesGenerated": 9,
    "qualityScore": 92.61804560923576,
    "deploymentSuccess": 96.18101218513536,
    "marketOpportunities": 6
  }
}