{
  "timestamp": "2025-08-15T00:09:00.090Z",
  "business": {
    "servicesGenerated": 1,
    "qualityScore": 86.87997189174584,
    "deploymentSuccess": 93.96085879317293,
    "marketOpportunities": 15
  }
}