{
  "timestamp": "2025-08-15T00:39:15.150Z",
  "business": {
    "servicesGenerated": 1,
    "qualityScore": 94.54773324809833,
    "deploymentSuccess": 91.46233513020628,
    "marketOpportunities": 18
  }
}