{
  "timestamp": "2025-08-15T00:25:40.543Z",
  "business": {
    "servicesGenerated": 1,
    "qualityScore": 94.55792850419351,
    "deploymentSuccess": 95.90442532727425,
    "marketOpportunities": 11
  }
}