{
  "timestamp": "2025-08-15T01:57:55.211Z",
  "business": {
    "servicesGenerated": 9,
    "qualityScore": 88.44886828412046,
    "deploymentSuccess": 92.70676254044169,
    "marketOpportunities": 19
  }
}