{
  "timestamp": "2025-08-15T02:05:09.677Z",
  "business": {
    "servicesGenerated": 9,
    "qualityScore": 96.45297099115864,
    "deploymentSuccess": 96.90321878952703,
    "marketOpportunities": 20
  }
}