{
  "timestamp": "2025-08-15T00:40:00.686Z",
  "business": {
    "servicesGenerated": 1,
    "qualityScore": 87.63861008398727,
    "deploymentSuccess": 93.24934446316146,
    "marketOpportunities": 24
  }
}