{
  "timestamp": "2025-08-14T23:28:25.712Z",
  "business": {
    "servicesGenerated": 1,
    "qualityScore": 92.13738095430546,
    "deploymentSuccess": 98.87949196094866,
    "marketOpportunities": 18
  }
}