{
  "timestamp": "2025-08-15T00:09:10.538Z",
  "business": {
    "servicesGenerated": 1,
    "qualityScore": 87.54700519087037,
    "deploymentSuccess": 96.71726527665061,
    "marketOpportunities": 17
  }
}