{
  "timestamp": "2025-08-14T23:18:25.701Z",
  "business": {
    "servicesGenerated": 1,
    "qualityScore": 94.7047667419685,
    "deploymentSuccess": 97.54718894458458,
    "marketOpportunities": 7
  }
}