{
  "timestamp": "2025-08-15T00:16:30.096Z",
  "business": {
    "servicesGenerated": 1,
    "qualityScore": 99.74801825480603,
    "deploymentSuccess": 96.46520019162327,
    "marketOpportunities": 17
  }
}