{
  "timestamp": "2025-08-15T02:14:55.221Z",
  "business": {
    "servicesGenerated": 9,
    "qualityScore": 96.16279900234612,
    "deploymentSuccess": 99.7536073729861,
    "marketOpportunities": 16
  }
}