{
  "timestamp": "2025-08-15T00:31:30.102Z",
  "business": {
    "servicesGenerated": 1,
    "qualityScore": 94.05959425929179,
    "deploymentSuccess": 96.37597956519575,
    "marketOpportunities": 7
  }
}