{
  "timestamp": "2025-08-14T23:22:55.703Z",
  "business": {
    "servicesGenerated": 1,
    "qualityScore": 88.60006850422046,
    "deploymentSuccess": 94.5501494066629,
    "marketOpportunities": 22
  }
}