{
  "timestamp": "2025-08-15T01:57:24.627Z",
  "business": {
    "servicesGenerated": 9,
    "qualityScore": 95.46635741868931,
    "deploymentSuccess": 97.50512144035267,
    "marketOpportunities": 15
  }
}