{
  "timestamp": "2025-08-15T01:57:54.629Z",
  "business": {
    "servicesGenerated": 9,
    "qualityScore": 99.44950704538216,
    "deploymentSuccess": 95.41540225247114,
    "marketOpportunities": 17
  }
}