{
  "timestamp": "2025-08-15T01:57:39.672Z",
  "business": {
    "servicesGenerated": 9,
    "qualityScore": 98.53644134003937,
    "deploymentSuccess": 90.77380805517465,
    "marketOpportunities": 9
  }
}