{
  "timestamp": "2025-08-15T02:06:55.217Z",
  "business": {
    "servicesGenerated": 9,
    "qualityScore": 85.79755277222365,
    "deploymentSuccess": 90.39583602957353,
    "marketOpportunities": 16
  }
}