{
  "timestamp": "2025-08-14T23:23:55.705Z",
  "business": {
    "servicesGenerated": 1,
    "qualityScore": 91.99659335324434,
    "deploymentSuccess": 94.07713155205062,
    "marketOpportunities": 9
  }
}