{
  "timestamp": "2025-08-15T02:06:24.633Z",
  "business": {
    "servicesGenerated": 9,
    "qualityScore": 89.47856821191897,
    "deploymentSuccess": 91.07827701758215,
    "marketOpportunities": 8
  }
}