{
  "timestamp": "2025-08-15T02:02:24.631Z",
  "business": {
    "servicesGenerated": 9,
    "qualityScore": 98.82870719987137,
    "deploymentSuccess": 91.14263210252169,
    "marketOpportunities": 18
  }
}