{
  "timestamp": "2025-08-15T00:27:40.546Z",
  "business": {
    "servicesGenerated": 1,
    "qualityScore": 87.04199680428435,
    "deploymentSuccess": 96.57072333973656,
    "marketOpportunities": 5
  }
}