{
  "timestamp": "2025-08-15T00:30:15.142Z",
  "business": {
    "servicesGenerated": 1,
    "qualityScore": 88.56686887744672,
    "deploymentSuccess": 91.16678781339753,
    "marketOpportunities": 18
  }
}