{
  "timestamp": "2025-08-15T00:14:10.539Z",
  "business": {
    "servicesGenerated": 1,
    "qualityScore": 92.92766369082378,
    "deploymentSuccess": 95.69331865345617,
    "marketOpportunities": 7
  }
}