{
  "timestamp": "2025-08-15T00:20:10.540Z",
  "business": {
    "servicesGenerated": 1,
    "qualityScore": 86.82397706722101,
    "deploymentSuccess": 97.33858646656223,
    "marketOpportunities": 10
  }
}