{
  "timestamp": "2025-08-14T23:21:25.703Z",
  "business": {
    "servicesGenerated": 1,
    "qualityScore": 90.12640226333414,
    "deploymentSuccess": 98.70881054264456,
    "marketOpportunities": 7
  }
}