{
  "timestamp": "2025-08-15T02:10:09.679Z",
  "business": {
    "servicesGenerated": 9,
    "qualityScore": 96.92499030879853,
    "deploymentSuccess": 93.24564749941025,
    "marketOpportunities": 15
  }
}