{
  "timestamp": "2025-08-15T02:04:54.632Z",
  "business": {
    "servicesGenerated": 9,
    "qualityScore": 88.56338779120573,
    "deploymentSuccess": 99.00554038669247,
    "marketOpportunities": 12
  }
}