{
  "timestamp": "2025-08-15T01:54:55.208Z",
  "business": {
    "servicesGenerated": 9,
    "qualityScore": 90.74952399270086,
    "deploymentSuccess": 90.19956909091877,
    "marketOpportunities": 19
  }
}