{
  "timestamp": "2025-08-15T00:13:30.093Z",
  "business": {
    "servicesGenerated": 1,
    "qualityScore": 96.14049243365587,
    "deploymentSuccess": 92.04733425741865,
    "marketOpportunities": 12
  }
}