{
  "timestamp": "2025-08-15T00:34:30.103Z",
  "business": {
    "servicesGenerated": 1,
    "qualityScore": 94.14305054827341,
    "deploymentSuccess": 93.79268133207444,
    "marketOpportunities": 10
  }
}