{
  "timestamp": "2025-08-15T00:19:40.539Z",
  "business": {
    "servicesGenerated": 1,
    "qualityScore": 92.7934744848119,
    "deploymentSuccess": 97.25476229076597,
    "marketOpportunities": 22
  }
}