{
  "timestamp": "2025-08-15T00:09:40.537Z",
  "business": {
    "servicesGenerated": 1,
    "qualityScore": 96.6383609925604,
    "deploymentSuccess": 95.87285617413048,
    "marketOpportunities": 9
  }
}