{
  "timestamp": "2025-08-14T23:30:15.272Z",
  "business": {
    "servicesGenerated": 1,
    "qualityScore": 87.28631442113198,
    "deploymentSuccess": 98.27429021950965,
    "marketOpportunities": 10
  }
}