{
  "timestamp": "2025-08-15T00:20:30.676Z",
  "business": {
    "servicesGenerated": 1,
    "qualityScore": 85.95524342499836,
    "deploymentSuccess": 93.42992962505484,
    "marketOpportunities": 23
  }
}