{
  "timestamp": "2025-08-15T00:19:30.098Z",
  "business": {
    "servicesGenerated": 1,
    "qualityScore": 95.86762526513202,
    "deploymentSuccess": 93.72288092452558,
    "marketOpportunities": 12
  }
}