{
  "timestamp": "2025-08-15T00:20:30.100Z",
  "business": {
    "servicesGenerated": 1,
    "qualityScore": 97.53164934017984,
    "deploymentSuccess": 95.06547214617152,
    "marketOpportunities": 13
  }
}