{
  "timestamp": "2025-08-15T00:08:40.556Z",
  "business": {
    "servicesGenerated": 1,
    "qualityScore": 93.96982800411473,
    "deploymentSuccess": 90.40431053007462,
    "marketOpportunities": 12
  }
}