{
  "timestamp": "2025-08-15T00:31:30.682Z",
  "business": {
    "servicesGenerated": 1,
    "qualityScore": 96.24208694757014,
    "deploymentSuccess": 92.22690618742119,
    "marketOpportunities": 19
  }
}