{
  "timestamp": "2025-08-15T00:29:45.141Z",
  "business": {
    "servicesGenerated": 1,
    "qualityScore": 87.48180584841748,
    "deploymentSuccess": 90.03709475964061,
    "marketOpportunities": 5
  }
}