{
  "timestamp": "2025-08-15T00:13:30.669Z",
  "business": {
    "servicesGenerated": 1,
    "qualityScore": 96.32126123241952,
    "deploymentSuccess": 99.07474572280987,
    "marketOpportunities": 19
  }
}