{
  "timestamp": "2025-08-15T01:56:09.672Z",
  "business": {
    "servicesGenerated": 9,
    "qualityScore": 92.43122073951085,
    "deploymentSuccess": 96.71091866757857,
    "marketOpportunities": 16
  }
}