{
  "timestamp": "2025-08-14T23:19:25.700Z",
  "business": {
    "servicesGenerated": 1,
    "qualityScore": 85.44326653243033,
    "deploymentSuccess": 91.28152914202133,
    "marketOpportunities": 16
  }
}