{
  "timestamp": "2025-08-15T02:04:39.677Z",
  "business": {
    "servicesGenerated": 9,
    "qualityScore": 94.80374272394779,
    "deploymentSuccess": 97.26280410201765,
    "marketOpportunities": 10
  }
}