{
  "timestamp": "2025-08-15T00:21:00.099Z",
  "business": {
    "servicesGenerated": 1,
    "qualityScore": 90.78420454290021,
    "deploymentSuccess": 96.84378332333563,
    "marketOpportunities": 12
  }
}