{
  "timestamp": "2025-08-15T00:39:45.149Z",
  "business": {
    "servicesGenerated": 1,
    "qualityScore": 97.8623258413794,
    "deploymentSuccess": 90.5248976783243,
    "marketOpportunities": 12
  }
}