{
  "timestamp": "2025-08-14T23:34:55.712Z",
  "business": {
    "servicesGenerated": 1,
    "qualityScore": 97.05216221854201,
    "deploymentSuccess": 94.12153415703176,
    "marketOpportunities": 13
  }
}