{
  "timestamp": "2025-08-14T23:33:25.712Z",
  "business": {
    "servicesGenerated": 1,
    "qualityScore": 88.2198753824913,
    "deploymentSuccess": 97.31628534291428,
    "marketOpportunities": 19
  }
}