{
  "timestamp": "2025-08-15T00:27:30.680Z",
  "business": {
    "servicesGenerated": 1,
    "qualityScore": 87.3057314495347,
    "deploymentSuccess": 98.6967677172078,
    "marketOpportunities": 6
  }
}