{
  "timestamp": "2025-08-15T00:22:00.678Z",
  "business": {
    "servicesGenerated": 1,
    "qualityScore": 89.83123710260446,
    "deploymentSuccess": 90.72104735322341,
    "marketOpportunities": 17
  }
}