{
  "timestamp": "2025-08-15T00:15:40.537Z",
  "business": {
    "servicesGenerated": 1,
    "qualityScore": 91.35586448145753,
    "deploymentSuccess": 98.54943072897967,
    "marketOpportunities": 14
  }
}