{
  "timestamp": "2025-08-15T01:52:54.626Z",
  "business": {
    "servicesGenerated": 1,
    "qualityScore": 91.4474989484924,
    "deploymentSuccess": 97.0252134889351,
    "marketOpportunities": 6
  }
}