{
  "timestamp": "2025-08-15T00:17:40.537Z",
  "performance": {
    "responseTimes": 1,
    "throughput": 77.39926895235767,
    "errorRates": 1.0201863598819823,
    "availability": 99.93689489993429
  }
}