{
  "timestamp": "2025-08-15T02:05:25.215Z",
  "performance": {
    "responseTimes": 1,
    "throughput": 137.1606234044483,
    "errorRates": 0.9678640954254747,
    "availability": 99.58240577926533
  }
}