{
  "timestamp": "2025-08-15T00:18:10.537Z",
  "performance": {
    "responseTimes": 1,
    "throughput": 121.87572687345434,
    "errorRates": 0.6955021644132366,
    "availability": 99.60122387549713
  }
}