{
  "timestamp": "2025-08-15T00:40:30.107Z",
  "performance": {
    "responseTimes": 1,
    "throughput": 75.37023326501338,
    "errorRates": 1.519738584738323,
    "availability": 99.82368452283647
  }
}