{
  "timestamp": "2025-08-14T23:37:45.274Z",
  "performance": {
    "responseTimes": 1,
    "throughput": 64.73017480847511,
    "errorRates": 0.9374271496081712,
    "availability": 99.93504420224619
  }
}