{
  "timestamp": "2025-08-15T00:37:00.104Z",
  "performance": {
    "responseTimes": 1,
    "throughput": 137.08769030185334,
    "errorRates": 0.9898550369399102,
    "availability": 99.65318506541034
  }
}