{
  "timestamp": "2025-08-14T23:37:15.188Z",
  "performance": {
    "responseTimes": 0,
    "throughput": 102.85560329288197,
    "errorRates": 1.4079516578868345,
    "availability": 99.76099441732518
  }
}