{
  "timestamp": "2025-08-15T00:37:30.104Z",
  "performance": {
    "responseTimes": 2,
    "throughput": 116.21423171356354,
    "errorRates": 1.2187719975961122,
    "availability": 99.90206974567138
  }
}