{
  "timestamp": "2025-08-15T00:36:00.685Z",
  "performance": {
    "responseTimes": 1,
    "throughput": 50.4026292532276,
    "errorRates": 0.9037196299583545,
    "availability": 99.64266164498987
  }
}