{
  "timestamp": "2025-08-14T23:36:15.186Z",
  "performance": {
    "responseTimes": 1,
    "throughput": 85.51150421604821,
    "errorRates": 0.8211602142598675,
    "availability": 99.87614851896572
  }
}