{
  "timestamp": "2025-08-14T23:18:25.700Z",
  "performance": {
    "responseTimes": 0,
    "throughput": 77.89341932783948,
    "errorRates": 1.831325219664611,
    "availability": 99.67795037993073
  }
}