{
  "timestamp": "2025-08-14T23:31:45.270Z",
  "performance": {
    "responseTimes": 1,
    "throughput": 59.74330934897991,
    "errorRates": 0.3039650848698301,
    "availability": 99.8330218541896
  }
}