{
  "timestamp": "2025-08-15T00:22:10.541Z",
  "performance": {
    "responseTimes": 1,
    "throughput": 83.66449925522744,
    "errorRates": 1.2361968366621499,
    "availability": 99.99493373684754
  }
}