{
  "timestamp": "2025-08-15T00:41:00.687Z",
  "performance": {
    "responseTimes": 1,
    "throughput": 102.56959777383261,
    "errorRates": 1.4597688331152452,
    "availability": 99.87984186369343
  }
}