{
  "timestamp": "2025-08-15T00:23:40.543Z",
  "performance": {
    "responseTimes": 2,
    "throughput": 140.199687167148,
    "errorRates": 0.3680373088360902,
    "availability": 99.58861547072408
  }
}