{
  "timestamp": "2025-08-15T01:59:55.210Z",
  "performance": {
    "responseTimes": 1,
    "throughput": 89.25501804295632,
    "errorRates": 1.270395547130692,
    "availability": 99.52091931094033
  }
}