{
  "timestamp": "2025-08-15T00:09:30.667Z",
  "performance": {
    "responseTimes": 1,
    "throughput": 88.54999888573656,
    "errorRates": 1.8141296479879125,
    "availability": 99.56676993720853
  }
}