{
  "timestamp": "2025-08-15T00:10:00.091Z",
  "performance": {
    "responseTimes": 2,
    "throughput": 69.48249761269993,
    "errorRates": 1.4070910507697243,
    "availability": 99.63369731640725
  }
}