{
  "timestamp": "2025-08-15T02:09:24.632Z",
  "performance": {
    "responseTimes": 1,
    "throughput": 145.10519788797245,
    "errorRates": 0.20882134899707783,
    "availability": 99.91602171882023
  }
}