{
  "timestamp": "2025-08-14T23:38:15.274Z",
  "performance": {
    "responseTimes": 1,
    "throughput": 128.68932905187032,
    "errorRates": 1.9911481149229813,
    "availability": 99.90139430625976
  }
}