{
  "timestamp": "2025-08-15T01:58:54.628Z",
  "performance": {
    "responseTimes": 2,
    "throughput": 114.8683428462294,
    "errorRates": 0.3644184693187884,
    "availability": 99.65410487501123
  }
}