{
  "timestamp": "2025-08-14T23:19:55.700Z",
  "performance": {
    "responseTimes": 1,
    "throughput": 70.17252334365799,
    "errorRates": 0.07918294438004647,
    "availability": 99.65740569892074
  }
}