{
  "timestamp": "2025-08-15T00:37:45.144Z",
  "performance": {
    "responseTimes": 1,
    "throughput": 108.04728997667397,
    "errorRates": 0.4784109683941087,
    "availability": 99.96258922049074
  }
}