{
  "timestamp": "2025-08-15T00:16:00.094Z",
  "performance": {
    "responseTimes": 1,
    "throughput": 78.75905467305849,
    "errorRates": 1.6734858471015692,
    "availability": 99.7024040799684
  }
}