{
  "timestamp": "2025-08-14T23:30:15.269Z",
  "performance": {
    "responseTimes": 1,
    "throughput": 59.14745940027739,
    "errorRates": 1.0923590313922675,
    "availability": 99.92606975292172
  }
}