{
  "timestamp": "2025-08-14T23:25:25.717Z",
  "performance": {
    "responseTimes": 3,
    "throughput": 135.932940509851,
    "errorRates": 0.399112573536347,
    "availability": 99.65165076528343
  }
}