{
  "timestamp": "2025-08-14T23:31:55.711Z",
  "performance": {
    "responseTimes": 1,
    "throughput": 128.17263282657143,
    "errorRates": 1.4631853245199076,
    "availability": 99.63044906817652
  }
}