{
  "timestamp": "2025-08-15T02:08:54.632Z",
  "performance": {
    "responseTimes": 1,
    "throughput": 59.05619756951867,
    "errorRates": 0.680395250629505,
    "availability": 99.9187079422053
  }
}