{
  "timestamp": "2025-08-15T02:06:25.216Z",
  "performance": {
    "responseTimes": 1,
    "throughput": 77.3606705907228,
    "errorRates": 1.5627740905293668,
    "availability": 99.65697472504448
  }
}