{
  "timestamp": "2025-08-14T23:12:55.695Z",
  "performance": {
    "responseTimes": 1,
    "throughput": 53.81485882151822,
    "errorRates": 0.9830047740120302,
    "availability": 99.99481955387434
  }
}