{
  "timestamp": "2025-08-15T02:08:39.679Z",
  "performance": {
    "responseTimes": 0,
    "throughput": 130.62463021434525,
    "errorRates": 1.552616101143018,
    "availability": 99.85893563905516
  }
}