{
  "timestamp": "2025-08-15T00:20:30.676Z",
  "performance": {
    "responseTimes": 1,
    "throughput": 135.9726859845239,
    "errorRates": 0.8691163241602293,
    "availability": 99.82993502071382
  }
}