{
  "timestamp": "2025-08-14T23:38:45.275Z",
  "performance": {
    "responseTimes": 1,
    "throughput": 106.22487743724994,
    "errorRates": 0.9407574406978418,
    "availability": 99.51606816047511
  }
}