{
  "timestamp": "2025-08-15T01:54:09.669Z",
  "performance": {
    "responseTimes": 1,
    "throughput": 104.68683719641646,
    "errorRates": 0.43140921602071325,
    "availability": 99.56714109300079
  }
}