{
  "timestamp": "2025-08-15T02:02:55.213Z",
  "performance": {
    "responseTimes": 1,
    "throughput": 90.35097575562341,
    "errorRates": 0.2821075604900405,
    "availability": 99.70426959818572
  }
}