{
  "timestamp": "2025-08-15T01:59:09.673Z",
  "performance": {
    "responseTimes": 1,
    "throughput": 129.5278687659757,
    "errorRates": 0.33086782116088953,
    "availability": 99.5211259674106
  }
}