{
  "timestamp": "2025-08-15T00:24:40.542Z",
  "performance": {
    "responseTimes": 0,
    "throughput": 123.04340166517167,
    "errorRates": 1.3169728204240672,
    "availability": 99.60613913187353
  }
}