{
  "timestamp": "2025-08-15T02:04:09.681Z",
  "performance": {
    "responseTimes": 0,
    "throughput": 149.05964326298374,
    "errorRates": 0.6095479068171299,
    "availability": 99.93426921539753
  }
}