{
  "timestamp": "2025-08-15T00:21:00.675Z",
  "performance": {
    "responseTimes": 0,
    "throughput": 52.04169345751946,
    "errorRates": 0.03642610046637573,
    "availability": 99.62611760222528
  }
}