{
  "timestamp": "2025-08-14T23:36:55.711Z",
  "performance": {
    "responseTimes": 0,
    "throughput": 115.77369243882887,
    "errorRates": 1.8300575547680697,
    "availability": 99.66357690506116
  }
}