{
  "timestamp": "2025-08-15T02:07:55.218Z",
  "performance": {
    "responseTimes": 1,
    "throughput": 117.3501669928698,
    "errorRates": 0.4576413579339964,
    "availability": 99.73127322657125
  }
}