{
  "timestamp": "2025-08-14T23:37:55.712Z",
  "performance": {
    "responseTimes": 1,
    "throughput": 128.18194426141918,
    "errorRates": 0.19143921607536596,
    "availability": 99.92832976857076
  }
}