{
  "timestamp": "2025-08-15T02:08:24.633Z",
  "performance": {
    "responseTimes": 2,
    "throughput": 147.46191153589882,
    "errorRates": 1.2885387118349585,
    "availability": 99.64207494766774
  }
}