{
  "timestamp": "2025-08-14T23:58:01.633Z",
  "performance": {
    "responseTimes": 2,
    "throughput": 57.51163574997855,
    "errorRates": 0.8905341831290743,
    "availability": 99.53754058154243
  }
}