{
  "timestamp": "2025-08-15T02:00:39.673Z",
  "performance": {
    "responseTimes": 2,
    "throughput": 128.7819232712125,
    "errorRates": 0.8885554066242904,
    "availability": 99.69586174849705
  }
}