{
  "timestamp": "2025-08-14T23:19:25.700Z",
  "performance": {
    "responseTimes": 1,
    "throughput": 142.30660509376347,
    "errorRates": 1.2513298416044623,
    "availability": 99.99091993068248
  }
}