{
  "timestamp": "2025-08-15T00:27:30.679Z",
  "performance": {
    "responseTimes": 1,
    "throughput": 98.34344019903423,
    "errorRates": 1.609258326210524,
    "availability": 99.8992802785509
  }
}