{
  "timestamp": "2025-08-15T01:52:55.207Z",
  "performance": {
    "responseTimes": 1,
    "throughput": 101.94934626223858,
    "errorRates": 0.08750390007732145,
    "availability": 99.83766169175162
  }
}