{
  "timestamp": "2025-08-14T23:58:31.630Z",
  "performance": {
    "responseTimes": 1,
    "throughput": 92.72947093815549,
    "errorRates": 1.0206443680482864,
    "availability": 99.84410127250264
  }
}