{
  "timestamp": "2025-08-15T00:10:30.091Z",
  "performance": {
    "responseTimes": 1,
    "throughput": 100.23829226369963,
    "errorRates": 0.26711653397246105,
    "availability": 99.62372318607595
  }
}