{
  "timestamp": "2025-08-15T02:13:39.681Z",
  "performance": {
    "responseTimes": 0,
    "throughput": 113.11799814999273,
    "errorRates": 1.8441181181139816,
    "availability": 99.93971024004767
  }
}