{
  "timestamp": "2025-08-15T02:04:54.631Z",
  "performance": {
    "responseTimes": 1,
    "throughput": 112.56199001336012,
    "errorRates": 0.6751782088570293,
    "availability": 99.5040769549839
  }
}