{
  "timestamp": "2025-08-14T23:28:55.710Z",
  "performance": {
    "responseTimes": 0,
    "throughput": 67.71571541904682,
    "errorRates": 0.5805351633831193,
    "availability": 99.52419003366073
  }
}