{
  "timestamp": "2025-08-14T23:33:45.272Z",
  "performance": {
    "responseTimes": 1,
    "throughput": 60.93806890974687,
    "errorRates": 1.9800693837832108,
    "availability": 99.86477663268195
  }
}