{
  "timestamp": "2025-08-15T00:30:00.101Z",
  "performance": {
    "responseTimes": 1,
    "throughput": 62.81052184607074,
    "errorRates": 1.7818290944908468,
    "availability": 99.81222828361703
  }
}