{
  "timestamp": "2025-08-15T02:05:09.676Z",
  "performance": {
    "responseTimes": 1,
    "throughput": 130.0937029170823,
    "errorRates": 0.6852324842989264,
    "availability": 99.53706428601241
  }
}