{
  "timestamp": "2025-08-15T00:40:00.686Z",
  "performance": {
    "responseTimes": 0,
    "throughput": 121.17482552000828,
    "errorRates": 1.0872966680144427,
    "availability": 99.91895865918927
  }
}