{
  "timestamp": "2025-08-14T23:09:55.692Z",
  "performance": {
    "responseTimes": 8,
    "throughput": 89.03387522614388,
    "errorRates": 1.7034802218252718,
    "availability": 99.52815650206709
  }
}