{
  "timestamp": "2025-08-15T01:58:55.209Z",
  "performance": {
    "responseTimes": 0,
    "throughput": 114.75905566046949,
    "errorRates": 1.2349847546682704,
    "availability": 99.9671025772
  }
}