{
  "timestamp": "2025-08-15T01:57:09.672Z",
  "performance": {
    "responseTimes": 0,
    "throughput": 63.165200677982924,
    "errorRates": 0.8988196853838222,
    "availability": 99.85150294780708
  }
}