{
  "timestamp": "2025-08-15T00:41:45.149Z",
  "performance": {
    "responseTimes": 4,
    "throughput": 134.55311593574064,
    "errorRates": 1.224440090948895,
    "availability": 99.78159986922691
  }
}