{
  "timestamp": "2025-08-15T01:55:39.670Z",
  "performance": {
    "responseTimes": 1,
    "throughput": 89.1188303549946,
    "errorRates": 0.38531688378165363,
    "availability": 99.88740548937933
  }
}