{
  "timestamp": "2025-08-15T00:22:30.678Z",
  "performance": {
    "responseTimes": 0,
    "throughput": 106.91375290355506,
    "errorRates": 0.9070216845092363,
    "availability": 99.71809974545704
  }
}