{
  "timestamp": "2025-08-15T00:42:00.690Z",
  "performance": {
    "responseTimes": 0,
    "throughput": 57.86203135584336,
    "errorRates": 1.507017898155461,
    "availability": 99.83640697434782
  }
}