{
  "timestamp": "2025-08-15T02:07:25.217Z",
  "performance": {
    "responseTimes": 1,
    "throughput": 75.25753526719808,
    "errorRates": 1.4894835661421735,
    "availability": 99.86892588504637
  }
}