{
  "timestamp": "2025-08-14T23:15:25.699Z",
  "performance": {
    "responseTimes": 1,
    "throughput": 145.69120071834362,
    "errorRates": 1.874982213547364,
    "availability": 99.81598715363211
  }
}