{
  "timestamp": "2025-08-15T00:21:00.098Z",
  "performance": {
    "responseTimes": 1,
    "throughput": 101.19578197599458,
    "errorRates": 0.03376146874238284,
    "availability": 99.57066068878339
  }
}