{
  "timestamp": "2025-08-15T02:11:09.680Z",
  "performance": {
    "responseTimes": 1,
    "throughput": 63.58541138486902,
    "errorRates": 1.2925561571478674,
    "availability": 99.80416370091389
  }
}