{
  "timestamp": "2025-08-15T00:35:00.684Z",
  "performance": {
    "responseTimes": 1,
    "throughput": 64.48416637873058,
    "errorRates": 0.327862197247208,
    "availability": 99.79670486483747
  }
}