{
  "timestamp": "2025-08-15T00:38:30.106Z",
  "performance": {
    "responseTimes": 1,
    "throughput": 131.06531376963454,
    "errorRates": 0.7749575859585045,
    "availability": 99.8233229539455
  }
}