{
  "timestamp": "2025-08-15T00:28:30.680Z",
  "performance": {
    "responseTimes": 1,
    "throughput": 59.40758977904665,
    "errorRates": 1.2790569216013137,
    "availability": 99.61508342652913
  }
}