{
  "timestamp": "2025-08-15T02:05:24.632Z",
  "performance": {
    "responseTimes": 0,
    "throughput": 53.26258172123906,
    "errorRates": 1.8045622400132757,
    "availability": 99.87594665188014
  }
}