{
  "timestamp": "2025-08-15T02:14:54.633Z",
  "performance": {
    "responseTimes": 0,
    "throughput": 144.75027792483468,
    "errorRates": 0.5255036129714754,
    "availability": 99.5590620450539
  }
}