{
  "timestamp": "2025-08-15T00:13:30.669Z",
  "performance": {
    "responseTimes": 1,
    "throughput": 63.14533302107701,
    "errorRates": 0.5644502243578238,
    "availability": 99.92671511785315
  }
}