{
  "timestamp": "2025-08-15T00:36:15.144Z",
  "performance": {
    "responseTimes": 2,
    "throughput": 75.11724927207091,
    "errorRates": 0.2068899594743172,
    "availability": 99.89020941359753
  }
}