{
  "timestamp": "2025-08-15T02:03:25.214Z",
  "performance": {
    "responseTimes": 2,
    "throughput": 109.46595596826697,
    "errorRates": 1.1802593601758278,
    "availability": 99.98754286549783
  }
}