{
  "timestamp": "2025-08-15T00:25:00.100Z",
  "performance": {
    "responseTimes": 2,
    "throughput": 105.86769405270519,
    "errorRates": 0.6227529430335905,
    "availability": 99.61422586319578
  }
}