{
  "timestamp": "2025-08-15T00:31:00.101Z",
  "performance": {
    "responseTimes": 1,
    "throughput": 57.74711531751746,
    "errorRates": 1.4967557905407407,
    "availability": 99.52739945852186
  }
}