{
  "timestamp": "2025-08-15T00:10:00.666Z",
  "performance": {
    "responseTimes": 1,
    "throughput": 88.63640580298073,
    "errorRates": 1.6461243956505225,
    "availability": 99.88297119463857
  }
}