{
  "timestamp": "2025-08-14T23:10:55.695Z",
  "performance": {
    "responseTimes": 4,
    "throughput": 144.50138603728487,
    "errorRates": 0.8531044026194605,
    "availability": 99.77745485743817
  }
}