{
  "timestamp": "2025-08-15T01:55:09.670Z",
  "performance": {
    "responseTimes": 0,
    "throughput": 54.63529926062234,
    "errorRates": 0.04143315918246593,
    "availability": 99.69616248714651
  }
}