{
  "timestamp": "2025-08-14T23:29:25.712Z",
  "performance": {
    "responseTimes": 1,
    "throughput": 145.02506778940466,
    "errorRates": 1.4587011885561831,
    "availability": 99.50861706156527
  }
}