{
  "timestamp": "2025-08-15T00:33:45.142Z",
  "performance": {
    "responseTimes": 1,
    "throughput": 58.14467702182622,
    "errorRates": 0.4245935891151418,
    "availability": 99.83418378457516
  }
}