{
  "timestamp": "2025-08-14T23:34:25.713Z",
  "performance": {
    "responseTimes": 0,
    "throughput": 107.9337409202488,
    "errorRates": 0.6564163220020638,
    "availability": 99.59454398977911
  }
}