{
  "timestamp": "2025-08-15T02:01:39.673Z",
  "performance": {
    "responseTimes": 1,
    "throughput": 137.5152441715266,
    "errorRates": 1.7847645110735928,
    "availability": 99.89296387445242
  }
}