{
  "timestamp": "2025-08-15T00:11:00.666Z",
  "performance": {
    "responseTimes": 2,
    "throughput": 117.15691793492957,
    "errorRates": 1.4728906203985308,
    "availability": 99.9012019545826
  }
}