{
  "timestamp": "2025-08-15T02:10:39.680Z",
  "performance": {
    "responseTimes": 1,
    "throughput": 79.02920322243993,
    "errorRates": 1.855895114071826,
    "availability": 99.7758334378952
  }
}