{
  "timestamp": "2025-08-15T01:53:54.627Z",
  "performance": {
    "responseTimes": 1,
    "throughput": 71.49985158306154,
    "errorRates": 0.7396233823303446,
    "availability": 99.82818613985174
  }
}