{
  "timestamp": "2025-08-14T23:59:21.762Z",
  "performance": {
    "responseTimes": 2,
    "throughput": 120.01929816419228,
    "errorRates": 0.2656164061890709,
    "availability": 99.84598959328075
  }
}