{
  "timestamp": "2025-08-15T00:25:10.543Z",
  "performance": {
    "responseTimes": 0,
    "throughput": 118.79309394566047,
    "errorRates": 1.8236712889272217,
    "availability": 99.84429346984429
  }
}