{
  "timestamp": "2025-08-14T23:20:25.701Z",
  "performance": {
    "responseTimes": 1,
    "throughput": 102.56764983560521,
    "errorRates": 1.333711968979642,
    "availability": 99.84740570885566
  }
}