{
  "timestamp": "2025-08-15T00:26:00.679Z",
  "performance": {
    "responseTimes": 1,
    "throughput": 55.51195940973641,
    "errorRates": 0.2619643798139677,
    "availability": 99.52997375298305
  }
}