{
  "timestamp": "2025-08-15T00:32:45.142Z",
  "performance": {
    "responseTimes": 1,
    "throughput": 104.56116154890344,
    "errorRates": 0.040971590905321875,
    "availability": 99.9366681168331
  }
}