{
  "timestamp": "2025-08-15T00:24:10.542Z",
  "performance": {
    "responseTimes": 0,
    "throughput": 105.1760942617756,
    "errorRates": 0.20266126606487322,
    "availability": 99.92752267753981
  }
}