{
  "timestamp": "2025-08-15T02:02:54.631Z",
  "performance": {
    "responseTimes": 1,
    "throughput": 126.40518945349082,
    "errorRates": 1.4836079882196338,
    "availability": 99.90598319136463
  }
}