{
  "timestamp": "2025-08-15T00:17:30.673Z",
  "performance": {
    "responseTimes": 1,
    "throughput": 70.29666943144065,
    "errorRates": 1.2562156278546528,
    "availability": 99.86243612568023
  }
}