{
  "timestamp": "2025-08-14T23:10:25.697Z",
  "performance": {
    "responseTimes": 0,
    "throughput": 66.29305009265074,
    "errorRates": 1.329692676780092,
    "availability": 99.75785160239678
  }
}