{
  "timestamp": "2025-08-15T01:53:09.668Z",
  "performance": {
    "responseTimes": 1,
    "throughput": 140.26483237227427,
    "errorRates": 0.565207928731501,
    "availability": 99.62267020752708
  }
}