{
  "timestamp": "2025-08-14T23:36:15.272Z",
  "performance": {
    "responseTimes": 0,
    "throughput": 110.44077765893596,
    "errorRates": 1.4125020244309052,
    "availability": 99.83552554383344
  }
}