{
  "timestamp": "2025-08-15T00:22:00.677Z",
  "performance": {
    "responseTimes": 1,
    "throughput": 75.74013432244406,
    "errorRates": 1.5415783232714735,
    "availability": 99.73101943428544
  }
}