{
  "timestamp": "2025-08-15T00:14:10.539Z",
  "performance": {
    "responseTimes": 1,
    "throughput": 62.65036565378508,
    "errorRates": 1.070596588213141,
    "availability": 99.99011411229337
  }
}