{
  "timestamp": "2025-08-15T02:03:39.675Z",
  "performance": {
    "responseTimes": 1,
    "throughput": 138.95062535377014,
    "errorRates": 0.43392859667240913,
    "availability": 99.5858506559822
  }
}