{
  "timestamp": "2025-08-15T02:10:54.632Z",
  "performance": {
    "responseTimes": 3,
    "throughput": 70.85602183273632,
    "errorRates": 0.6743923091065898,
    "availability": 99.84489749828944
  }
}