{
  "timestamp": "2025-08-15T01:56:09.672Z",
  "performance": {
    "responseTimes": 1,
    "throughput": 80.86596115357077,
    "errorRates": 1.6638970408980902,
    "availability": 99.72280209742674
  }
}