{
  "timestamp": "2025-08-15T00:26:10.545Z",
  "performance": {
    "responseTimes": 2,
    "throughput": 61.70011979007799,
    "errorRates": 0.21128424822314784,
    "availability": 99.6821067546894
  }
}