{
  "timestamp": "2025-08-14T23:35:55.712Z",
  "performance": {
    "responseTimes": 1,
    "throughput": 106.40524283719397,
    "errorRates": 1.6354982002932492,
    "availability": 99.575309062307
  }
}