{
  "timestamp": "2025-08-15T00:17:10.541Z",
  "performance": {
    "responseTimes": 1,
    "throughput": 60.09528785421367,
    "errorRates": 0.64042752525868,
    "availability": 99.55461808010958
  }
}