{
  "timestamp": "2025-08-15T01:59:25.209Z",
  "performance": {
    "responseTimes": 0,
    "throughput": 81.856203744676,
    "errorRates": 0.9935494250424175,
    "availability": 99.84210088884552
  }
}