{
  "timestamp": "2025-08-14T23:32:15.269Z",
  "performance": {
    "responseTimes": 1,
    "throughput": 62.76174075962988,
    "errorRates": 1.0245697141025647,
    "availability": 99.80095751434588
  }
}