{
  "timestamp": "2025-08-14T23:58:51.760Z",
  "performance": {
    "responseTimes": 0,
    "throughput": 95.31029901099117,
    "errorRates": 1.1469377480902843,
    "availability": 99.56057065683419
  }
}