{
  "timestamp": "2025-08-15T00:36:00.104Z",
  "performance": {
    "responseTimes": 1,
    "throughput": 133.48595527420343,
    "errorRates": 1.9695964685768041,
    "availability": 99.58850193138899
  }
}