{
  "timestamp": "2025-08-15T00:15:40.537Z",
  "performance": {
    "responseTimes": 1,
    "throughput": 73.92680131747112,
    "errorRates": 1.1826493409054222,
    "availability": 99.5367034508192
  }
}