{
  "timestamp": "2025-08-14T23:37:15.274Z",
  "performance": {
    "responseTimes": 1,
    "throughput": 53.518416460081596,
    "errorRates": 0.16050680865588118,
    "availability": 99.88355069465834
  }
}