{
  "timestamp": "2025-08-14T23:24:25.705Z",
  "performance": {
    "responseTimes": 1,
    "throughput": 108.75797389559585,
    "errorRates": 0.8302985210874332,
    "availability": 99.76916005972066
  }
}