{
  "timestamp": "2025-08-14T23:36:45.186Z",
  "performance": {
    "responseTimes": 1,
    "throughput": 63.673881403573134,
    "errorRates": 0.6993681461737555,
    "availability": 99.84062718341298
  }
}