{
  "timestamp": "2025-08-15T00:42:00.109Z",
  "performance": {
    "responseTimes": 1,
    "throughput": 53.57556950066391,
    "errorRates": 0.2264504737583657,
    "availability": 99.52866632385694
  }
}