{
  "timestamp": "2025-08-15T02:06:54.632Z",
  "performance": {
    "responseTimes": 0,
    "throughput": 132.72472471161566,
    "errorRates": 1.3017736624436083,
    "availability": 99.61253823641924
  }
}