{
  "timestamp": "2025-08-15T02:09:55.218Z",
  "performance": {
    "responseTimes": 2,
    "throughput": 90.7882333671083,
    "errorRates": 0.21793618840180473,
    "availability": 99.88528071129629
  }
}