{
  "timestamp": "2025-08-14T23:31:15.182Z",
  "performance": {
    "responseTimes": 1,
    "throughput": 58.76056992841492,
    "errorRates": 0.19715854396583055,
    "availability": 99.6834551884649
  }
}