{
  "timestamp": "2025-08-15T00:34:00.103Z",
  "performance": {
    "responseTimes": 1,
    "throughput": 101.49008984219117,
    "errorRates": 1.3013907873967758,
    "availability": 99.92110919646166
  }
}