{
  "timestamp": "2025-08-15T00:27:30.101Z",
  "performance": {
    "responseTimes": 1,
    "throughput": 148.86255801594484,
    "errorRates": 0.24889979866266732,
    "availability": 99.59265403769432
  }
}