{
  "timestamp": "2025-08-15T00:33:00.102Z",
  "performance": {
    "responseTimes": 1,
    "throughput": 83.38350990291235,
    "errorRates": 0.6693211252324436,
    "availability": 99.66478999436843
  }
}