{
  "timestamp": "2025-08-14T23:35:15.271Z",
  "performance": {
    "responseTimes": 1,
    "throughput": 59.2002595486353,
    "errorRates": 0.5483542654849081,
    "availability": 99.94349161970285
  }
}