{
  "timestamp": "2025-08-14T23:34:45.273Z",
  "performance": {
    "responseTimes": 1,
    "throughput": 103.29909327208131,
    "errorRates": 1.7437632193602872,
    "availability": 99.51422454790179
  }
}