{
  "timestamp": "2025-08-15T01:56:39.672Z",
  "performance": {
    "responseTimes": 1,
    "throughput": 122.75366605183702,
    "errorRates": 1.7603101390961444,
    "availability": 99.96618543326801
  }
}