{
  "timestamp": "2025-08-15T00:09:00.666Z",
  "performance": {
    "responseTimes": 2,
    "throughput": 140.14295210889748,
    "errorRates": 0.9861016207233604,
    "availability": 99.92955376279379
  }
}