{
  "timestamp": "2025-08-15T00:16:10.537Z",
  "performance": {
    "responseTimes": 1,
    "throughput": 145.69663289359664,
    "errorRates": 0.40511994280352415,
    "availability": 99.88294762447238
  }
}