{
  "timestamp": "2025-08-15T00:34:30.103Z",
  "performance": {
    "responseTimes": 1,
    "throughput": 87.05760829819897,
    "errorRates": 1.591359336093574,
    "availability": 99.74050288980357
  }
}