{
  "timestamp": "2025-08-15T00:09:10.537Z",
  "performance": {
    "responseTimes": 1,
    "throughput": 145.6337330236036,
    "errorRates": 0.06853016613083573,
    "availability": 99.59497981069428
  }
}