{
  "timestamp": "2025-08-15T00:10:10.538Z",
  "performance": {
    "responseTimes": 1,
    "throughput": 109.95434479593654,
    "errorRates": 0.5655334711647049,
    "availability": 99.76956691479069
  }
}