{
  "timestamp": "2025-08-15T01:57:39.672Z",
  "performance": {
    "responseTimes": 3,
    "throughput": 136.29702308444945,
    "errorRates": 0.800080193982879,
    "availability": 99.50061850129336
  }
}