{
  "timestamp": "2025-08-15T00:12:40.537Z",
  "performance": {
    "responseTimes": 1,
    "throughput": 79.17364625313294,
    "errorRates": 1.666837273156156,
    "availability": 99.95878293855642
  }
}