{
  "timestamp": "2025-08-15T01:57:54.628Z",
  "performance": {
    "responseTimes": 1,
    "throughput": 62.66266339648041,
    "errorRates": 1.3209963016102537,
    "availability": 99.53337917300418
  }
}