{
  "timestamp": "2025-08-15T01:57:25.210Z",
  "performance": {
    "responseTimes": 1,
    "throughput": 104.82878780527984,
    "errorRates": 1.4388549803238964,
    "availability": 99.89774930473249
  }
}