{
  "timestamp": "2025-08-15T00:38:45.148Z",
  "performance": {
    "responseTimes": 1,
    "throughput": 96.65545383663337,
    "errorRates": 0.0005023474977683406,
    "availability": 99.75329673076367
  }
}