{
  "timestamp": "2025-08-15T02:09:25.219Z",
  "performance": {
    "responseTimes": 1,
    "throughput": 137.09897800306192,
    "errorRates": 0.7320108102067393,
    "availability": 99.68804787915374
  }
}