{
  "timestamp": "2025-08-15T00:40:00.106Z",
  "performance": {
    "responseTimes": 1,
    "throughput": 58.14859012576872,
    "errorRates": 0.7296782516549958,
    "availability": 99.8567959664138
  }
}