{
  "timestamp": "2025-08-15T01:56:55.209Z",
  "performance": {
    "responseTimes": 0,
    "throughput": 74.48878574679057,
    "errorRates": 1.1776351506352691,
    "availability": 99.66525065819556
  }
}