{
  "timestamp": "2025-08-14T23:23:55.705Z",
  "performance": {
    "responseTimes": 1,
    "throughput": 59.47555672619911,
    "errorRates": 1.573476536639625,
    "availability": 99.81762197327906
  }
}