{
  "timestamp": "2025-08-15T02:13:54.634Z",
  "performance": {
    "responseTimes": 1,
    "throughput": 98.83563641584298,
    "errorRates": 0.11267369533886651,
    "availability": 99.56148209703892
  }
}