{
  "timestamp": "2025-08-14T23:27:25.709Z",
  "performance": {
    "responseTimes": 1,
    "throughput": 120.31573844863712,
    "errorRates": 0.34235060639835035,
    "availability": 99.62472531945564
  }
}