{
  "timestamp": "2025-08-14T23:32:45.270Z",
  "performance": {
    "responseTimes": 1,
    "throughput": 128.5168200815828,
    "errorRates": 0.017185179645911486,
    "availability": 99.67488685686246
  }
}