{
  "timestamp": "2025-08-14T23:14:25.696Z",
  "performance": {
    "responseTimes": 1,
    "throughput": 73.260143257826,
    "errorRates": 1.5877558045815983,
    "availability": 99.6684559971472
  }
}