{
  "timestamp": "2025-08-14T23:24:55.704Z",
  "performance": {
    "responseTimes": 1,
    "throughput": 103.22418523984894,
    "errorRates": 1.017985283266726,
    "availability": 99.51489061433305
  }
}