{
  "timestamp": "2025-08-15T01:59:39.672Z",
  "performance": {
    "responseTimes": 1,
    "throughput": 92.70777031947839,
    "errorRates": 1.0263882853597965,
    "availability": 99.53100877297794
  }
}