{
  "timestamp": "2025-08-15T01:55:25.208Z",
  "performance": {
    "responseTimes": 1,
    "throughput": 123.01556699175387,
    "errorRates": 1.910985479641476,
    "availability": 99.62226691490805
  }
}