{
  "timestamp": "2025-08-14T23:35:15.185Z",
  "performance": {
    "responseTimes": 1,
    "throughput": 147.73532829608482,
    "errorRates": 1.7728078553716098,
    "availability": 99.80168673458519
  }
}