{
  "timestamp": "2025-08-15T00:14:00.093Z",
  "performance": {
    "responseTimes": 1,
    "throughput": 137.7312111498241,
    "errorRates": 1.075013095940133,
    "availability": 99.96590688999906
  }
}