{
  "timestamp": "2025-08-15T00:41:30.688Z",
  "performance": {
    "responseTimes": 1,
    "throughput": 83.40808331989014,
    "errorRates": 1.8511830175268096,
    "availability": 99.54523746258634
  }
}