{
  "timestamp": "2025-08-15T00:20:10.539Z",
  "performance": {
    "responseTimes": 1,
    "throughput": 77.06881418302638,
    "errorRates": 0.7286649503040619,
    "availability": 99.72726729054133
  }
}