{
  "timestamp": "2025-08-15T02:14:55.221Z",
  "performance": {
    "responseTimes": 1,
    "throughput": 141.4576357011694,
    "errorRates": 1.9945584661151452,
    "availability": 99.64028181572128
  }
}