{
  "timestamp": "2025-08-14T23:21:25.702Z",
  "performance": {
    "responseTimes": 1,
    "throughput": 60.11184338886173,
    "errorRates": 0.6126457376549959,
    "availability": 99.67747861457573
  }
}