{
  "timestamp": "2025-08-15T00:10:30.666Z",
  "performance": {
    "responseTimes": 1,
    "throughput": 58.654628516129215,
    "errorRates": 1.248421876480987,
    "availability": 99.64714197878297
  }
}