{
  "timestamp": "2025-08-15T02:11:55.221Z",
  "performance": {
    "responseTimes": 1,
    "throughput": 145.54230753807474,
    "errorRates": 1.5072018300982322,
    "availability": 99.72145290792035
  }
}