{
  "timestamp": "2025-08-15T01:52:24.627Z",
  "performance": {
    "responseTimes": 1,
    "throughput": 84.54076290793637,
    "errorRates": 1.5819611049768896,
    "availability": 99.64701961570927
  }
}