{
  "timestamp": "2025-08-14T23:32:25.711Z",
  "performance": {
    "responseTimes": 1,
    "throughput": 94.62572207974557,
    "errorRates": 0.5712399000133193,
    "availability": 99.56880397165679
  }
}