{
  "timestamp": "2025-08-15T02:02:39.675Z",
  "performance": {
    "responseTimes": 1,
    "throughput": 76.81572092976425,
    "errorRates": 1.928560664268777,
    "availability": 99.61120024569529
  }
}