{
  "timestamp": "2025-08-15T00:30:30.101Z",
  "performance": {
    "responseTimes": 2,
    "throughput": 131.21654334499542,
    "errorRates": 0.6912071166254234,
    "availability": 99.5849443517936
  }
}