{
  "timestamp": "2025-08-14T23:58:21.184Z",
  "performance": {
    "responseTimes": 1,
    "throughput": 80.15092684497513,
    "errorRates": 0.8331180953109003,
    "availability": 99.82419088539643
  }
}