{
  "timestamp": "2025-08-15T02:01:25.211Z",
  "performance": {
    "responseTimes": 1,
    "throughput": 68.71810517194459,
    "errorRates": 0.025126681470691636,
    "availability": 99.85920212306246
  }
}