{
  "timestamp": "2025-08-15T00:30:00.682Z",
  "performance": {
    "responseTimes": 1,
    "throughput": 100.36649359404306,
    "errorRates": 1.2167030245078707,
    "availability": 99.93421487629317
  }
}