{
  "timestamp": "2025-08-15T00:41:30.108Z",
  "performance": {
    "responseTimes": 3,
    "throughput": 129.28294649233789,
    "errorRates": 0.9044894904871157,
    "availability": 99.70533351974309
  }
}