{
  "timestamp": "2025-08-15T00:24:30.100Z",
  "performance": {
    "responseTimes": 1,
    "throughput": 86.93753517869338,
    "errorRates": 0.7001621447827246,
    "availability": 99.71547147102302
  }
}