{
  "timestamp": "2025-08-15T00:27:00.100Z",
  "performance": {
    "responseTimes": 1,
    "throughput": 99.4913603702273,
    "errorRates": 1.9581429004919157,
    "availability": 99.8578681468907
  }
}