{
  "timestamp": "2025-08-15T00:37:00.684Z",
  "performance": {
    "responseTimes": 1,
    "throughput": 148.64065899869024,
    "errorRates": 0.6331528492511338,
    "availability": 99.73807459054909
  }
}