{
  "timestamp": "2025-08-14T23:34:55.712Z",
  "performance": {
    "responseTimes": 2,
    "throughput": 63.467456426477284,
    "errorRates": 0.8738363150786923,
    "availability": 99.86785232693803
  }
}