{
  "timestamp": "2025-08-15T02:13:24.633Z",
  "performance": {
    "responseTimes": 1,
    "throughput": 84.07131044391458,
    "errorRates": 1.549025292939481,
    "availability": 99.76732040048317
  }
}