{
  "timestamp": "2025-08-15T00:32:15.143Z",
  "performance": {
    "responseTimes": 2,
    "throughput": 147.0577738169835,
    "errorRates": 0.5858918144589342,
    "availability": 99.73615108672116
  }
}