{
  "timestamp": "2025-08-15T02:12:54.633Z",
  "performance": {
    "responseTimes": 5,
    "throughput": 119.87080876231848,
    "errorRates": 0.05866716441905906,
    "availability": 99.78968203837348
  }
}