{
  "timestamp": "2025-08-14T23:59:01.631Z",
  "performance": {
    "responseTimes": 1,
    "throughput": 144.39864804400568,
    "errorRates": 1.5863510779772203,
    "availability": 99.8538692927785
  }
}