{
  "timestamp": "2025-08-14T23:20:55.700Z",
  "performance": {
    "responseTimes": 1,
    "throughput": 137.60009151063844,
    "errorRates": 0.375312456243742,
    "availability": 99.73774037741791
  }
}