{
  "timestamp": "2025-08-14T23:22:25.703Z",
  "performance": {
    "responseTimes": 1,
    "throughput": 91.24556111042634,
    "errorRates": 0.29408124047463824,
    "availability": 99.79117005158957
  }
}