{
  "timestamp": "2025-08-15T02:12:25.221Z",
  "performance": {
    "responseTimes": 1,
    "throughput": 64.44154751969259,
    "errorRates": 1.1318306930694817,
    "availability": 99.51988761081277
  }
}