{
  "timestamp": "2025-08-15T01:52:39.669Z",
  "performance": {
    "responseTimes": 1,
    "throughput": 127.1442814369438,
    "errorRates": 1.387334238183858,
    "availability": 99.85223715023425
  }
}