{
  "timestamp": "2025-08-14T23:17:25.700Z",
  "performance": {
    "responseTimes": 1,
    "throughput": 83.07529797778628,
    "errorRates": 1.2847382864766774,
    "availability": 99.64194695475753
  }
}