{
  "timestamp": "2025-08-15T00:21:30.676Z",
  "performance": {
    "responseTimes": 0,
    "throughput": 73.282803674389,
    "errorRates": 0.7276763819251446,
    "availability": 99.61252864430165
  }
}