{
  "timestamp": "2025-08-14T23:16:55.698Z",
  "performance": {
    "responseTimes": 1,
    "throughput": 52.0221742259823,
    "errorRates": 0.26629342702302283,
    "availability": 99.50611699467976
  }
}