{
  "timestamp": "2025-08-15T01:56:24.626Z",
  "performance": {
    "responseTimes": 0,
    "throughput": 134.2629510957231,
    "errorRates": 0.1289298131831189,
    "availability": 99.52995555297856
  }
}