{
  "timestamp": "2025-08-15T00:21:10.539Z",
  "performance": {
    "responseTimes": 2,
    "throughput": 108.19124015471955,
    "errorRates": 0.6178992782819122,
    "availability": 99.94055469206016
  }
}