{
  "timestamp": "2025-08-15T00:28:45.138Z",
  "performance": {
    "responseTimes": 1,
    "throughput": 125.28329254410629,
    "errorRates": 1.8166981379799703,
    "availability": 99.59113228474669
  }
}