{
  "timestamp": "2025-08-14T23:34:45.188Z",
  "performance": {
    "responseTimes": 0,
    "throughput": 60.183941542128736,
    "errorRates": 0.7562242932528864,
    "availability": 99.81510119781625
  }
}