{
  "timestamp": "2025-08-14T23:33:45.184Z",
  "performance": {
    "responseTimes": 3,
    "throughput": 112.65754481201103,
    "errorRates": 0.7910771111115458,
    "availability": 99.70769314082611
  }
}