{
  "timestamp": "2025-08-15T00:20:00.675Z",
  "performance": {
    "responseTimes": 1,
    "throughput": 90.9146863686268,
    "errorRates": 1.715252058212,
    "availability": 99.65451908022624
  }
}