{
  "timestamp": "2025-08-14T23:32:45.184Z",
  "performance": {
    "responseTimes": 2,
    "throughput": 114.66644056772337,
    "errorRates": 1.1913265349733972,
    "availability": 99.6769202592295
  }
}