{
  "timestamp": "2025-08-15T02:04:25.215Z",
  "performance": {
    "responseTimes": 1,
    "throughput": 101.68744470227318,
    "errorRates": 0.9780165436912398,
    "availability": 99.66103462387137
  }
}