{
  "timestamp": "2025-08-15T02:06:39.677Z",
  "performance": {
    "responseTimes": 0,
    "throughput": 137.2328867889379,
    "errorRates": 0.5506497979154674,
    "availability": 99.64641271994114
  }
}