{
  "timestamp": "2025-08-15T00:29:00.682Z",
  "performance": {
    "responseTimes": 2,
    "throughput": 82.65093317768357,
    "errorRates": 1.5862185037196141,
    "availability": 99.7644633129174
  }
}