{
  "timestamp": "2025-08-15T00:27:40.545Z",
  "performance": {
    "responseTimes": 1,
    "throughput": 126.75002101139941,
    "errorRates": 1.9325511980802341,
    "availability": 99.87636047312616
  }
}