{
  "timestamp": "2025-08-15T00:25:30.100Z",
  "performance": {
    "responseTimes": 0,
    "throughput": 124.71972672817951,
    "errorRates": 1.1551927900779284,
    "availability": 99.8740768775043
  }
}