{
  "timestamp": "2025-08-15T00:13:30.092Z",
  "performance": {
    "responseTimes": 1,
    "throughput": 56.38532956788511,
    "errorRates": 0.1635423645523919,
    "availability": 99.84384970104597
  }
}