{
  "timestamp": "2025-08-15T02:01:09.673Z",
  "performance": {
    "responseTimes": 1,
    "throughput": 76.27875685322763,
    "errorRates": 1.9864017923491457,
    "availability": 99.7922702526269
  }
}