{
  "timestamp": "2025-08-15T02:04:24.633Z",
  "performance": {
    "responseTimes": 1,
    "throughput": 56.64877151712997,
    "errorRates": 0.22384341543651542,
    "availability": 99.56610805831893
  }
}