{
  "timestamp": "2025-08-15T02:05:55.215Z",
  "performance": {
    "responseTimes": 0,
    "throughput": 138.23812890251236,
    "errorRates": 0.5600704342896488,
    "availability": 99.87669398788195
  }
}