{
  "timestamp": "2025-08-15T00:29:00.100Z",
  "performance": {
    "responseTimes": 1,
    "throughput": 93.38638476126913,
    "errorRates": 0.7959972011456804,
    "availability": 99.93710439401792
  }
}