{
  "timestamp": "2025-08-14T23:26:25.707Z",
  "performance": {
    "responseTimes": 2,
    "throughput": 138.68553599172398,
    "errorRates": 0.030333368629893,
    "availability": 99.70450750187979
  }
}