{
  "timestamp": "2025-08-15T02:13:09.682Z",
  "performance": {
    "responseTimes": 1,
    "throughput": 102.32415363595402,
    "errorRates": 0.6433467101490531,
    "availability": 99.64210662977018
  }
}