{
  "timestamp": "2025-08-15T00:19:10.539Z",
  "performance": {
    "responseTimes": 1,
    "throughput": 59.84649685419614,
    "errorRates": 1.1896618215488926,
    "availability": 99.5468060724719
  }
}