{
  "timestamp": "2025-08-15T02:09:09.679Z",
  "performance": {
    "responseTimes": 1,
    "throughput": 52.50869511906047,
    "errorRates": 1.583292616124805,
    "availability": 99.89957124002257
  }
}