{
  "timestamp": "2025-08-15T02:09:39.678Z",
  "performance": {
    "responseTimes": 0,
    "throughput": 128.5384593672946,
    "errorRates": 1.1450646185627336,
    "availability": 99.84427761562486
  }
}