{
  "timestamp": "2025-08-15T00:12:00.091Z",
  "performance": {
    "responseTimes": 1,
    "throughput": 140.93766912491483,
    "errorRates": 1.181842511039786,
    "availability": 99.71863711264041
  }
}