{
  "timestamp": "2025-08-15T00:11:40.537Z",
  "performance": {
    "responseTimes": 1,
    "throughput": 113.9347824680925,
    "errorRates": 0.8392941143181654,
    "availability": 99.77594979236221
  }
}