{
  "timestamp": "2025-08-15T01:54:55.208Z",
  "performance": {
    "responseTimes": 1,
    "throughput": 97.83402425804648,
    "errorRates": 0.7277015607168811,
    "availability": 99.79004005804188
  }
}