{
  "timestamp": "2025-08-15T00:36:30.105Z",
  "performance": {
    "responseTimes": 1,
    "throughput": 55.53572861516327,
    "errorRates": 1.001546115537494,
    "availability": 99.79101038605437
  }
}