{
  "timestamp": "2025-08-15T02:14:09.682Z",
  "performance": {
    "responseTimes": 1,
    "throughput": 110.87890882508289,
    "errorRates": 1.0966099520288424,
    "availability": 99.66710265028301
  }
}