{
  "timestamp": "2025-08-15T00:21:30.099Z",
  "performance": {
    "responseTimes": 1,
    "throughput": 59.45728884227708,
    "errorRates": 1.8159120790406167,
    "availability": 99.65649537008215
  }
}