{
  "timestamp": "2025-08-15T00:23:30.101Z",
  "performance": {
    "responseTimes": 1,
    "throughput": 83.92306748672019,
    "errorRates": 1.5441132310049288,
    "availability": 99.88170399146901
  }
}