{
  "timestamp": "2025-08-14T23:09:25.692Z",
  "performance": {
    "responseTimes": 3,
    "throughput": 57.475018091844234,
    "errorRates": 0.4853794678881789,
    "availability": 99.94452505153723
  }
}