{
  "timestamp": "2025-08-14T23:32:55.710Z",
  "performance": {
    "responseTimes": 1,
    "throughput": 100.90030996521395,
    "errorRates": 0.16783833823803151,
    "availability": 99.85835481442314
  }
}