{
  "timestamp": "2025-08-15T00:20:00.099Z",
  "performance": {
    "responseTimes": 1,
    "throughput": 111.76541887462565,
    "errorRates": 0.6233838473717737,
    "availability": 99.8240770968192
  }
}