{
  "timestamp": "2025-08-14T23:17:55.701Z",
  "performance": {
    "responseTimes": 1,
    "throughput": 138.1910103440995,
    "errorRates": 1.1387863714324449,
    "availability": 99.75178271181225
  }
}