{
  "timestamp": "2025-08-15T02:00:09.674Z",
  "performance": {
    "responseTimes": 0,
    "throughput": 52.356807141911354,
    "errorRates": 0.26962037590096033,
    "availability": 99.63570316926105
  }
}