{
  "timestamp": "2025-08-15T00:12:30.093Z",
  "performance": {
    "responseTimes": 1,
    "throughput": 72.77828764020316,
    "errorRates": 1.3747291761470244,
    "availability": 99.98452284505396
  }
}