{
  "timestamp": "2025-08-15T01:53:39.669Z",
  "performance": {
    "responseTimes": 1,
    "throughput": 87.34669269211452,
    "errorRates": 0.5752634342042486,
    "availability": 99.98299645666245
  }
}