{
  "timestamp": "2025-08-15T01:53:25.206Z",
  "performance": {
    "responseTimes": 1,
    "throughput": 94.400470841002,
    "errorRates": 0.18112919166233388,
    "availability": 99.5526880911754
  }
}