{
  "timestamp": "2025-08-14T23:35:45.186Z",
  "performance": {
    "responseTimes": 1,
    "throughput": 147.19097736977739,
    "errorRates": 1.8126068194746896,
    "availability": 99.60851306637379
  }
}