{
  "timestamp": "2025-08-15T00:33:30.684Z",
  "performance": {
    "responseTimes": 1,
    "throughput": 84.38919478084892,
    "errorRates": 0.8472746279069381,
    "availability": 99.55504662737552
  }
}