{
  "timestamp": "2025-08-15T02:07:24.633Z",
  "performance": {
    "responseTimes": 1,
    "throughput": 98.52599241554192,
    "errorRates": 0.7953642395814025,
    "availability": 99.5112217730578
  }
}