{
  "timestamp": "2025-08-14T23:34:15.179Z",
  "predictions": {
    "resourceUsage": {
      "1hour": 2010.6959687979875,
      "6hours": 2014.175812787924,
      "24hours": 2026.7032511516963
    },
    "performance": {
      "1hour": 5.003038814814586,
      "6hours": 15.018232888887514,
      "24hours": 51.072931555550056
    },
    "business": {
      "1hour": 99.31613069535096,
      "6hours": 100.55651534442504,
      "24hours": 105.02190008109167
    }
  }
}