{
  "timestamp": "2025-08-15T00:17:00.087Z",
  "predictions": {
    "resourceUsage": {
      "1hour": 2034.1346588040249,
      "6hours": 2039.8079528241499,
      "24hours": 2060.231811296599
    },
    "performance": {
      "1hour": 1.1794563892204253,
      "6hours": 0,
      "24hours": 0
    },
    "business": {
      "1hour": 98.76537490834538,
      "6hours": 99.32933545888628,
      "24hours": 101.35959344083349
    }
  }
}