{
  "timestamp": "2025-08-15T00:21:40.510Z",
  "predictions": {
    "resourceUsage": {
      "1hour": 2047.0533882288626,
      "6hours": 2057.3203293731754,
      "24hours": 2094.2813174927005
    },
    "performance": {
      "1hour": 2.1727323990307923,
      "6hours": 3.0363943941847538,
      "24hours": 6.145577576739015
    },
    "business": {
      "1hour": 86.48115476305125,
      "6hours": 83.73674624137114,
      "24hours": 73.85687556332272
    }
  }
}