{
  "timestamp": "2025-08-15T00:16:40.509Z",
  "predictions": {
    "resourceUsage": {
      "1hour": 2029.3692787552998,
      "6hours": 2026.2156725317982,
      "24hours": 2014.862690127193
    },
    "performance": {
      "1hour": 1.4571119207374146,
      "6hours": 3.7426715244244884,
      "24hours": 11.970686097697953
    },
    "business": {
      "1hour": 88.52875275933532,
      "6hours": 91.21031161684111,
      "24hours": 100.86392350386197
    }
  }
}