{
  "timestamp": "2025-08-15T02:02:39.654Z",
  "predictions": {
    "resourceUsage": {
      "1hour": 2057.9982321892358,
      "6hours": 2062.989393135416,
      "24hours": 2080.957572541663
    },
    "performance": {
      "1hour": 1.9136333974902295,
      "6hours": 6.481800384941376,
      "24hours": 22.927201539765505
    },
    "business": {
      "1hour": 97.78017583459066,
      "6hours": 101.21306294242652,
      "24hours": 113.57145653063557
    }
  }
}