{
  "timestamp": "2025-08-15T00:17:00.000Z",
  "predictions": {
    "resourceUsage": {
      "1hour": 2045.0907947305589,
      "6hours": 2055.5447683833527,
      "24hours": 2093.1790735334116
    },
    "performance": {
      "1hour": 1.092743272474449,
      "6hours": 1.556459634846694,
      "24hours": 3.2258385393867757
    },
    "business": {
      "1hour": 99.86178299048088,
      "6hours": 100.43060666885515,
      "24hours": 102.47837191100254
    }
  }
}