{
  "timestamp": "2025-08-15T00:22:00.086Z",
  "predictions": {
    "resourceUsage": {
      "1hour": 2048.330072225096,
      "6hours": 2054.980433350575,
      "24hours": 2078.9217334023006
    },
    "performance": {},
    "business": {
      "1hour": 96.57300258945364,
      "6hours": 101.08777069327564,
      "24hours": 117.34093586703491
    }
  }
}