{
  "timestamp": "2025-08-15T02:06:54.607Z",
  "predictions": {
    "resourceUsage": {
      "1hour": 2071.333496290565,
      "6hours": 2073.0009777433893,
      "24hours": 2079.003910973557
    },
    "performance": {
      "1hour": 1.064632500633705,
      "6hours": 1.3877950038022295,
      "24hours": 2.551180015208918
    },
    "business": {
      "1hour": 86.75831355873544,
      "6hours": 92.96715456856643,
      "24hours": 115.318982203958
    }
  }
}