{
  "timestamp": "2025-08-15T02:11:54.523Z",
  "predictions": {
    "resourceUsage": {
      "1hour": 2077.3696908969036,
      "6hours": 2079.2181453814205,
      "24hours": 2085.8725815256826
    },
    "performance": {
      "1hour": 2.291389928950786,
      "6hours": 3.7483395737047185,
      "24hours": 8.993358294818874
    },
    "business": {
      "1hour": 90.42690177293774,
      "6hours": 93.06396007804689,
      "24hours": 102.55736997643983
    }
  }
}