{
  "timestamp": "2025-08-15T02:11:54.608Z",
  "predictions": {
    "resourceUsage": {
      "1hour": 2078.6536406281243,
      "6hours": 2081.9218437687473,
      "24hours": 2093.6873750749887
    },
    "performance": {
      "1hour": 2.61213204276833,
      "6hours": 10.672792256609979,
      "24hours": 39.691169026439916
    },
    "business": {
      "1hour": 100.58423521473476,
      "6hours": 104.64606387907277,
      "24hours": 119.26864707068964
    }
  }
}