{
  "timestamp": "2025-08-15T00:27:00.086Z",
  "predictions": {
    "resourceUsage": {
      "1hour": 2055.951073081895,
      "6hours": 2060.70643849137,
      "24hours": 2077.8257539654796
    },
    "performance": {},
    "business": {
      "1hour": 92.96889138456433,
      "6hours": 103.90048467180375,
      "24hours": 143.25422050586565
    }
  }
}