{
  "timestamp": "2025-08-14T23:23:55.688Z",
  "predictions": {
    "resourceUsage": {
      "1hour": 1627.6038530413537,
      "6hours": 1630.6231182481213,
      "24hours": 1641.492472992485
    },
    "performance": {
      "1hour": 2.7261032593359857,
      "6hours": 11.356619556015914,
      "24hours": 42.42647822406366
    },
    "business": {
      "1hour": 89.32982821411606,
      "6hours": 92.96283730650002,
      "24hours": 106.04167003908226
    }
  }
}