{
  "timestamp": "2025-08-15T00:32:45.136Z",
  "predictions": {
    "resourceUsage": {
      "1hour": 2044.5429039362807,
      "6hours": 2047.2574236176845,
      "24hours": 2057.029694470738
    },
    "performance": {
      "1hour": 2.343647069705733,
      "6hours": 4.061882418234397,
      "24hours": 10.247529672937588
    },
    "business": {
      "1hour": 91.40827896009398,
      "6hours": 96.80437196590523,
      "24hours": 116.23030678682572
    }
  }
}