{
  "timestamp": "2025-08-15T02:07:39.655Z",
  "predictions": {
    "resourceUsage": {
      "1hour": 2076.011874382763,
      "6hours": 2081.0712462965766,
      "24hours": 2099.284985186307
    },
    "performance": {
      "1hour": 2.5784222765074345,
      "6hours": 10.470533659044607,
      "24hours": 38.88213463617843
    },
    "business": {
      "1hour": 98.24092095218612,
      "6hours": 98.57580961243389,
      "24hours": 99.78140878932588
    }
  }
}