{
  "timestamp": "2025-08-15T00:11:59.999Z",
  "predictions": {
    "resourceUsage": {
      "1hour": 2038.7306276138295,
      "6hours": 2047.3837656829767,
      "24hours": 2078.5350627319067
    },
    "performance": {
      "1hour": 1.2223573531447238,
      "6hours": 2.3341441188683434,
      "24hours": 6.3365764754733735
    },
    "business": {
      "1hour": 98.69536792932234,
      "6hours": 97.37277043949669,
      "24hours": 92.61141947612434
    }
  }
}