{
  "timestamp": "2025-08-15T02:06:54.522Z",
  "predictions": {
    "resourceUsage": {
      "1hour": 2051.3051846679537,
      "6hours": 2052.831108007723,
      "24hours": 2058.324432030891
    },
    "performance": {
      "1hour": 1.590571743751852,
      "6hours": 4.543430462511113,
      "24hours": 15.17372185004445
    },
    "business": {
      "1hour": 89.31159419911467,
      "6hours": 88.47672413509319,
      "24hours": 85.47119190461584
    }
  }
}