{
  "timestamp": "2025-08-15T00:27:00.001Z",
  "predictions": {
    "resourceUsage": {
      "1hour": 2059.0775468665033,
      "6hours": 2059.4652811990213,
      "24hours": 2060.861124796085
    },
    "performance": {
      "1hour": 2.1876027734496333,
      "6hours": 3.1256166406978005,
      "24hours": 6.502466562791201
    },
    "business": {
      "1hour": 89.18552967782759,
      "6hours": 92.26523855407422,
      "24hours": 103.35219050856206
    }
  }
}