{
  "timestamp": "2025-08-15T01:52:39.654Z",
  "predictions": {
    "resourceUsage": {
      "1hour": 2054.4789193986257,
      "6hours": 2051.8735163917554,
      "24hours": 2042.4940655670223
    },
    "performance": {
      "1hour": 0.5500075093489432,
      "6hours": 0,
      "24hours": 0
    },
    "business": {
      "1hour": 91.98067473611506,
      "6hours": 95.1422008103767,
      "24hours": 106.52369467771862
    }
  }
}