{
  "timestamp": "2025-08-15T00:42:00.003Z",
  "predictions": {
    "resourceUsage": {
      "1hour": 2044.1980699690887,
      "6hours": 2045.188419814532,
      "24hours": 2048.7536792581277
    },
    "performance": {
      "1hour": 3.858046250043722,
      "6hours": 8.148277500262331,
      "24hours": 23.59311000104933
    },
    "business": {
      "1hour": 97.69624443404531,
      "6hours": 99.36291664586157,
      "24hours": 105.36293660840015
    }
  }
}