{
  "timestamp": "2025-08-14T23:57:51.094Z",
  "trends": {
    "system": {
      "memoryTrend": 0.5230267724031781,
      "cpuTrend": 1.1883575183291732,
      "diskTrend": 1.8740940161228123
    },
    "performance": {
      "responseTimeTrend": 0.9664294295002785,
      "throughputTrend": 0.8072902426152955,
      "errorRateTrend": -0.2062764285157196
    },
    "business": {
      "qualityTrend": -0.8319170671771892,
      "deploymentTrend": 0.6172300270733135,
      "opportunitiesTrend": 0.010773193384801203
    }
  }
}