{
  "timestamp": "2025-08-15T01:56:55.210Z",
  "business": {
    "servicesGenerated": 9,
    "qualityScore": 98.46272575729344,
    "deploymentSuccess": 94.75026885907947,
    "marketOpportunities": 14
  }
}