{
  "timestamp": "2025-08-15T02:00:55.210Z",
  "performance": {
    "responseTimes": 1,
    "throughput": 86.15094441229611,
    "errorRates": 0.7313144709701969,
    "availability": 99.9610748246793
  }
}