{
  "timestamp": "2025-08-15T02:01:54.521Z",
  "predictions": {
    "resourceUsage": {
      "1hour": 2063.9231453776915,
      "6hours": 2068.5388722661505,
      "24hours": 2085.155489064601
    },
    "performance": {
      "1hour": 0.7781967516456063,
      "6hours": 0,
      "24hours": 0
    },
    "business": {
      "1hour": 97.52603401688002,
      "6hours": 96.06007482719433,
      "24hours": 90.7826217443259
    }
  }
}