{
  "timestamp": "2025-08-15T00:27:30.102Z",
  "business": {
    "servicesGenerated": 1,
    "qualityScore": 87.34136891820383,
    "deploymentSuccess": 90.29169999602541,
    "marketOpportunities": 15
  }
}