{
  "timestamp": "2025-08-15T00:40:45.151Z",
  "business": {
    "servicesGenerated": 1,
    "qualityScore": 86.16250334098312,
    "deploymentSuccess": 95.48925270662843,
    "marketOpportunities": 7
  }
}