{
  "timestamp": "2025-08-15T01:53:09.669Z",
  "business": {
    "servicesGenerated": 1,
    "qualityScore": 88.17208663998896,
    "deploymentSuccess": 93.55894946424672,
    "marketOpportunities": 11
  }
}