{
  "timestamp": "2025-08-14T23:36:45.273Z",
  "business": {
    "servicesGenerated": 1,
    "qualityScore": 94.60976578264396,
    "deploymentSuccess": 91.81801359501192,
    "marketOpportunities": 16
  }
}