{
  "timestamp": "2025-08-15T01:55:24.628Z",
  "business": {
    "servicesGenerated": 9,
    "qualityScore": 98.04742800283609,
    "deploymentSuccess": 94.14697755772093,
    "marketOpportunities": 17
  }
}