{
  "timestamp": "2025-08-15T00:25:30.679Z",
  "performance": {
    "responseTimes": 1,
    "throughput": 103.16581621907079,
    "errorRates": 0.3381265069948407,
    "availability": 99.9852432820886
  }
}