{
  "timestamp": "2025-08-15T00:18:30.096Z",
  "business": {
    "servicesGenerated": 1,
    "qualityScore": 87.19423976701479,
    "deploymentSuccess": 98.4906771240711,
    "marketOpportunities": 11
  }
}