{
  "timestamp": "2025-08-14T23:36:15.187Z",
  "business": {
    "servicesGenerated": 1,
    "qualityScore": 87.27466423339604,
    "deploymentSuccess": 90.99248413693454,
    "marketOpportunities": 17
  }
}