{
  "timestamp": "2025-08-15T02:01:09.673Z",
  "business": {
    "servicesGenerated": 9,
    "qualityScore": 86.4357163879779,
    "deploymentSuccess": 91.01943155963356,
    "marketOpportunities": 10
  }
}