{
  "timestamp": "2025-08-14T23:16:25.699Z",
  "business": {
    "servicesGenerated": 1,
    "qualityScore": 93.0774868862902,
    "deploymentSuccess": 95.61106618959451,
    "marketOpportunities": 24
  }
}