{
  "timestamp": "2025-08-15T00:13:00.672Z",
  "business": {
    "servicesGenerated": 1,
    "qualityScore": 89.87690045366064,
    "deploymentSuccess": 97.97702322419116,
    "marketOpportunities": 18
  }
}