{
  "timestamp": "2025-08-14T23:29:25.713Z",
  "business": {
    "servicesGenerated": 1,
    "qualityScore": 99.09565439466061,
    "deploymentSuccess": 99.38216594811725,
    "marketOpportunities": 13
  }
}