{
  "timestamp": "2025-08-14T23:37:15.274Z",
  "business": {
    "servicesGenerated": 1,
    "qualityScore": 89.69233566610248,
    "deploymentSuccess": 94.05529647116697,
    "marketOpportunities": 10
  }
}