{
  "timestamp": "2025-08-15T00:34:15.144Z",
  "business": {
    "servicesGenerated": 1,
    "qualityScore": 96.28317367590529,
    "deploymentSuccess": 92.35962955719096,
    "marketOpportunities": 17
  }
}