{
  "timestamp": "2025-08-15T02:01:39.673Z",
  "business": {
    "servicesGenerated": 9,
    "qualityScore": 99.11374218458683,
    "deploymentSuccess": 98.12070253137026,
    "marketOpportunities": 23
  }
}