{
  "timestamp": "2025-08-15T02:13:25.220Z",
  "business": {
    "servicesGenerated": 9,
    "qualityScore": 89.22540699969186,
    "deploymentSuccess": 93.85433013007177,
    "marketOpportunities": 20
  }
}