{
  "timestamp": "2025-08-15T00:32:15.144Z",
  "business": {
    "servicesGenerated": 1,
    "qualityScore": 90.32906035893173,
    "deploymentSuccess": 99.81612465701475,
    "marketOpportunities": 12
  }
}