{
  "timestamp": "2025-08-15T00:25:00.679Z",
  "business": {
    "servicesGenerated": 1,
    "qualityScore": 87.81135762653437,
    "deploymentSuccess": 99.0429122668872,
    "marketOpportunities": 21
  }
}