{
  "timestamp": "2025-08-15T00:12:00.668Z",
  "business": {
    "servicesGenerated": 1,
    "qualityScore": 93.43235727168437,
    "deploymentSuccess": 94.87701699977285,
    "marketOpportunities": 20
  }
}