{
  "timestamp": "2025-08-15T02:08:55.219Z",
  "business": {
    "servicesGenerated": 9,
    "qualityScore": 97.63556759496693,
    "deploymentSuccess": 96.64763574442799,
    "marketOpportunities": 19
  }
}