{
  "timestamp": "2025-08-15T02:13:54.634Z",
  "business": {
    "servicesGenerated": 9,
    "qualityScore": 99.7405350080707,
    "deploymentSuccess": 96.84194077385821,
    "marketOpportunities": 20
  }
}