{
  "timestamp": "2025-08-15T00:35:30.685Z",
  "business": {
    "servicesGenerated": 1,
    "qualityScore": 98.27156633304058,
    "deploymentSuccess": 96.18176134334603,
    "marketOpportunities": 8
  }
}