{
  "timestamp": "2025-08-14T23:33:45.273Z",
  "business": {
    "servicesGenerated": 1,
    "qualityScore": 94.38721485847992,
    "deploymentSuccess": 94.47301709462124,
    "marketOpportunities": 9
  }
}