{
  "timestamp": "2025-08-14T23:20:55.700Z",
  "business": {
    "servicesGenerated": 1,
    "qualityScore": 91.47732026533595,
    "deploymentSuccess": 99.43581475733191,
    "marketOpportunities": 11
  }
}