{
  "timestamp": "2025-08-15T01:55:55.210Z",
  "business": {
    "servicesGenerated": 9,
    "qualityScore": 86.55962074190377,
    "deploymentSuccess": 93.64203224103903,
    "marketOpportunities": 15
  }
}