{
  "timestamp": "2025-08-15T02:03:55.215Z",
  "business": {
    "servicesGenerated": 9,
    "qualityScore": 91.69098965741802,
    "deploymentSuccess": 92.5166349300634,
    "marketOpportunities": 16
  }
}