{
  "timestamp": "2025-08-15T00:25:00.100Z",
  "business": {
    "servicesGenerated": 1,
    "qualityScore": 91.2111135119341,
    "deploymentSuccess": 97.3843223319887,
    "marketOpportunities": 23
  }
}