{
  "timestamp": "2025-08-15T00:25:10.543Z",
  "business": {
    "servicesGenerated": 1,
    "qualityScore": 85.25031675063417,
    "deploymentSuccess": 98.52167558302631,
    "marketOpportunities": 16
  }
}