{
  "timestamp": "2025-08-15T00:26:30.680Z",
  "business": {
    "servicesGenerated": 1,
    "qualityScore": 90.78257272711645,
    "deploymentSuccess": 93.30441981167395,
    "marketOpportunities": 6
  }
}