{
  "timestamp": "2025-08-15T00:34:30.685Z",
  "business": {
    "servicesGenerated": 1,
    "qualityScore": 87.7069223908994,
    "deploymentSuccess": 94.50872033975388,
    "marketOpportunities": 21
  }
}