{
  "timestamp": "2025-08-14T23:35:45.187Z",
  "business": {
    "servicesGenerated": 1,
    "qualityScore": 86.71593394678574,
    "deploymentSuccess": 99.79781473409791,
    "marketOpportunities": 6
  }
}