{
  "timestamp": "2025-08-15T01:58:25.209Z",
  "business": {
    "servicesGenerated": 9,
    "qualityScore": 98.92266599345905,
    "deploymentSuccess": 90.1647707213225,
    "marketOpportunities": 17
  }
}