{
  "timestamp": "2025-08-15T00:17:10.542Z",
  "business": {
    "servicesGenerated": 1,
    "qualityScore": 90.2386576592764,
    "deploymentSuccess": 99.57135882704927,
    "marketOpportunities": 24
  }
}