{
  "timestamp": "2025-08-15T00:22:40.540Z",
  "business": {
    "servicesGenerated": 1,
    "qualityScore": 98.3472261071181,
    "deploymentSuccess": 94.85642772608736,
    "marketOpportunities": 17
  }
}