{
  "timestamp": "2025-08-14T23:24:25.706Z",
  "business": {
    "servicesGenerated": 1,
    "qualityScore": 89.58648908882763,
    "deploymentSuccess": 91.07263379218925,
    "marketOpportunities": 16
  }
}