{
  "timestamp": "2025-08-14T23:35:25.713Z",
  "business": {
    "servicesGenerated": 1,
    "qualityScore": 93.87474892644482,
    "deploymentSuccess": 99.96192675574419,
    "marketOpportunities": 9
  }
}