{
  "timestamp": "2025-08-15T00:38:00.685Z",
  "business": {
    "servicesGenerated": 1,
    "qualityScore": 93.87263202975738,
    "deploymentSuccess": 90.51582255013395,
    "marketOpportunities": 14
  }
}