{
  "timestamp": "2025-08-15T02:00:24.631Z",
  "business": {
    "servicesGenerated": 9,
    "qualityScore": 93.9318954924433,
    "deploymentSuccess": 99.36440929365826,
    "marketOpportunities": 18
  }
}