{
  "timestamp": "2025-08-14T23:58:21.184Z",
  "business": {
    "servicesGenerated": 1,
    "qualityScore": 85.66506035750015,
    "deploymentSuccess": 99.15293438045028,
    "marketOpportunities": 18
  }
}