{
  "timestamp": "2025-08-15T00:22:30.678Z",
  "business": {
    "servicesGenerated": 1,
    "qualityScore": 92.14128845041265,
    "deploymentSuccess": 94.72269143698041,
    "marketOpportunities": 10
  }
}