{
  "timestamp": "2025-08-15T00:37:00.104Z",
  "business": {
    "servicesGenerated": 1,
    "qualityScore": 99.40031820103488,
    "deploymentSuccess": 94.7962865955319,
    "marketOpportunities": 11
  }
}