{
  "timestamp": "2025-08-15T00:24:00.101Z",
  "business": {
    "servicesGenerated": 1,
    "qualityScore": 86.4568965218197,
    "deploymentSuccess": 95.16040764489155,
    "marketOpportunities": 22
  }
}