{
  "timestamp": "2025-08-15T02:09:25.219Z",
  "business": {
    "servicesGenerated": 9,
    "qualityScore": 94.01379909445501,
    "deploymentSuccess": 93.32154992099305,
    "marketOpportunities": 12
  }
}