{
  "timestamp": "2025-08-14T23:26:25.707Z",
  "business": {
    "servicesGenerated": 1,
    "qualityScore": 87.22723073003165,
    "deploymentSuccess": 96.6794426345867,
    "marketOpportunities": 19
  }
}