{
  "timestamp": "2025-08-15T02:00:39.674Z",
  "business": {
    "servicesGenerated": 9,
    "qualityScore": 91.88170467325943,
    "deploymentSuccess": 97.24135894822088,
    "marketOpportunities": 20
  }
}