{
  "timestamp": "2025-08-15T00:39:30.686Z",
  "business": {
    "servicesGenerated": 1,
    "qualityScore": 92.65481801635758,
    "deploymentSuccess": 90.15337289972145,
    "marketOpportunities": 6
  }
}