{
  "timestamp": "2025-08-15T00:35:15.144Z",
  "business": {
    "servicesGenerated": 1,
    "qualityScore": 91.30733234351122,
    "deploymentSuccess": 91.00116712008455,
    "marketOpportunities": 6
  }
}