{
  "timestamp": "2025-08-14T23:59:01.631Z",
  "business": {
    "servicesGenerated": 1,
    "qualityScore": 88.52636044760148,
    "deploymentSuccess": 99.15415505817316,
    "marketOpportunities": 16
  }
}