{
  "timestamp": "2025-08-15T02:05:24.633Z",
  "business": {
    "servicesGenerated": 9,
    "qualityScore": 95.14430855254257,
    "deploymentSuccess": 92.85424762600675,
    "marketOpportunities": 13
  }
}