{
  "timestamp": "2025-08-15T02:12:09.682Z",
  "business": {
    "servicesGenerated": 9,
    "qualityScore": 93.53111558367578,
    "deploymentSuccess": 91.46253985800658,
    "marketOpportunities": 23
  }
}