{
  "timestamp": "2025-08-15T02:00:55.211Z",
  "business": {
    "servicesGenerated": 9,
    "qualityScore": 96.64087911174471,
    "deploymentSuccess": 94.20830536300879,
    "marketOpportunities": 9
  }
}