{
  "timestamp": "2025-08-15T02:09:09.679Z",
  "business": {
    "servicesGenerated": 9,
    "qualityScore": 97.37320671254616,
    "deploymentSuccess": 91.17999440435776,
    "marketOpportunities": 10
  }
}