{
  "timestamp": "2025-08-15T02:07:55.219Z",
  "business": {
    "servicesGenerated": 9,
    "qualityScore": 91.27950683338092,
    "deploymentSuccess": 97.49611389722136,
    "marketOpportunities": 13
  }
}