{
  "timestamp": "2025-08-15T02:07:24.634Z",
  "business": {
    "servicesGenerated": 9,
    "qualityScore": 96.29696341551448,
    "deploymentSuccess": 92.68357620961878,
    "marketOpportunities": 13
  }
}