{
  "timestamp": "2025-08-14T23:25:25.725Z",
  "business": {
    "servicesGenerated": 1,
    "qualityScore": 99.41304376558406,
    "deploymentSuccess": 97.5035797748508,
    "marketOpportunities": 17
  }
}