{
  "timestamp": "2025-08-15T01:55:09.671Z",
  "business": {
    "servicesGenerated": 9,
    "qualityScore": 89.89157950933212,
    "deploymentSuccess": 93.2445939770991,
    "marketOpportunities": 11
  }
}