{
  "timestamp": "2025-08-15T02:11:25.221Z",
  "business": {
    "servicesGenerated": 9,
    "qualityScore": 99.77186948186716,
    "deploymentSuccess": 92.27466675660105,
    "marketOpportunities": 16
  }
}