{
  "timestamp": "2025-08-15T01:54:54.627Z",
  "business": {
    "servicesGenerated": 9,
    "qualityScore": 93.66630535891973,
    "deploymentSuccess": 91.48189219436648,
    "marketOpportunities": 21
  }
}