{
  "timestamp": "2025-08-14T23:33:55.712Z",
  "business": {
    "servicesGenerated": 1,
    "qualityScore": 86.66396990933049,
    "deploymentSuccess": 90.5355348781457,
    "marketOpportunities": 15
  }
}