{
  "timestamp": "2025-08-15T00:20:00.676Z",
  "business": {
    "servicesGenerated": 1,
    "qualityScore": 92.71210264246969,
    "deploymentSuccess": 99.2752081582358,
    "marketOpportunities": 7
  }
}