{
  "timestamp": "2025-08-15T02:09:39.678Z",
  "business": {
    "servicesGenerated": 9,
    "qualityScore": 97.6550079357798,
    "deploymentSuccess": 99.4919614168862,
    "marketOpportunities": 10
  }
}