{
  "timestamp": "2025-08-15T00:12:30.093Z",
  "business": {
    "servicesGenerated": 1,
    "qualityScore": 99.17691453501236,
    "deploymentSuccess": 99.71485358364292,
    "marketOpportunities": 15
  }
}