{
  "timestamp": "2025-08-14T23:38:15.188Z",
  "business": {
    "servicesGenerated": 1,
    "qualityScore": 93.23366088394121,
    "deploymentSuccess": 97.04317599679922,
    "marketOpportunities": 19
  }
}