{
  "timestamp": "2025-08-15T00:26:00.679Z",
  "business": {
    "servicesGenerated": 1,
    "qualityScore": 89.69376592300786,
    "deploymentSuccess": 97.0915746835435,
    "marketOpportunities": 6
  }
}