{
  "timestamp": "2025-08-15T00:35:45.145Z",
  "business": {
    "servicesGenerated": 1,
    "qualityScore": 89.6465936394899,
    "deploymentSuccess": 92.25292812511805,
    "marketOpportunities": 12
  }
}