{
  "timestamp": "2025-08-14T23:33:15.184Z",
  "business": {
    "servicesGenerated": 1,
    "qualityScore": 85.83088382829294,
    "deploymentSuccess": 91.99326616241488,
    "marketOpportunities": 19
  }
}