{
  "timestamp": "2025-08-15T00:29:00.101Z",
  "business": {
    "servicesGenerated": 1,
    "qualityScore": 99.45685257129227,
    "deploymentSuccess": 98.96479210213907,
    "marketOpportunities": 9
  }
}