{
  "timestamp": "2025-08-15T00:11:30.091Z",
  "business": {
    "servicesGenerated": 1,
    "qualityScore": 98.95988742728747,
    "deploymentSuccess": 91.79484575981753,
    "marketOpportunities": 13
  }
}