{
  "timestamp": "2025-08-15T01:59:54.630Z",
  "business": {
    "servicesGenerated": 9,
    "qualityScore": 99.00555720449233,
    "deploymentSuccess": 98.34344859635071,
    "marketOpportunities": 9
  }
}