{
  "timestamp": "2025-08-15T00:16:40.538Z",
  "business": {
    "servicesGenerated": 1,
    "qualityScore": 90.01579806603773,
    "deploymentSuccess": 92.69883128049875,
    "marketOpportunities": 21
  }
}