{
  "timestamp": "2025-08-15T02:06:54.633Z",
  "business": {
    "servicesGenerated": 9,
    "qualityScore": 88.20497979814527,
    "deploymentSuccess": 92.34730924248602,
    "marketOpportunities": 6
  }
}