{
  "timestamp": "2025-08-15T01:53:39.669Z",
  "business": {
    "servicesGenerated": 1,
    "qualityScore": 90.55951714986817,
    "deploymentSuccess": 93.36373113887308,
    "marketOpportunities": 18
  }
}