{
  "timestamp": "2025-08-14T23:35:55.713Z",
  "business": {
    "servicesGenerated": 1,
    "qualityScore": 94.12924962728312,
    "deploymentSuccess": 97.63313234886677,
    "marketOpportunities": 22
  }
}