{
  "timestamp": "2025-08-15T00:09:30.091Z",
  "business": {
    "servicesGenerated": 1,
    "qualityScore": 92.32246233618504,
    "deploymentSuccess": 93.68780572361138,
    "marketOpportunities": 15
  }
}