{
  "timestamp": "2025-08-15T02:04:09.681Z",
  "business": {
    "servicesGenerated": 9,
    "qualityScore": 93.45396176113744,
    "deploymentSuccess": 93.73366438654067,
    "marketOpportunities": 15
  }
}