{
  "timestamp": "2025-08-15T00:40:15.151Z",
  "business": {
    "servicesGenerated": 1,
    "qualityScore": 89.97731204066103,
    "deploymentSuccess": 90.7386927506269,
    "marketOpportunities": 10
  }
}