{
  "timestamp": "2025-08-15T00:36:30.105Z",
  "business": {
    "servicesGenerated": 1,
    "qualityScore": 90.52329525085175,
    "deploymentSuccess": 99.45662212122632,
    "marketOpportunities": 13
  }
}