{
  "timestamp": "2025-08-15T02:10:55.220Z",
  "performance": {
    "responseTimes": 1,
    "throughput": 73.18585287259414,
    "errorRates": 1.0006586690722603,
    "availability": 99.63429325808536
  }
}