{
  "timestamp": "2025-08-15T00:26:40.543Z",
  "performance": {
    "responseTimes": 1,
    "throughput": 100.80030444963953,
    "errorRates": 0.8511297562869036,
    "availability": 99.75056954815908
  }
}