{
  "timestamp": "2025-08-15T00:41:15.151Z",
  "performance": {
    "responseTimes": 1,
    "throughput": 108.33471935608583,
    "errorRates": 1.984552220895722,
    "availability": 99.99513969356595
  }
}