{
  "timestamp": "2025-08-14T23:38:45.188Z",
  "performance": {
    "responseTimes": 0,
    "throughput": 103.80243949890266,
    "errorRates": 1.5520389028524044,
    "availability": 99.63039011084821
  }
}