{
  "timestamp": "2025-08-15T00:40:15.150Z",
  "performance": {
    "responseTimes": 1,
    "throughput": 145.11582206302347,
    "errorRates": 1.6315912724537842,
    "availability": 99.7327846485491
  }
}