{
  "timestamp": "2025-08-15T00:14:00.669Z",
  "performance": {
    "responseTimes": 1,
    "throughput": 77.46421768110363,
    "errorRates": 1.581467166985675,
    "availability": 99.67788558248219
  }
}