{
  "timestamp": "2025-08-14T23:35:45.272Z",
  "performance": {
    "responseTimes": 1,
    "throughput": 145.3445325739754,
    "errorRates": 0.7954990010194951,
    "availability": 99.68514947943706
  }
}