{
  "timestamp": "2025-08-15T02:03:09.675Z",
  "performance": {
    "responseTimes": 2,
    "throughput": 89.54613644134758,
    "errorRates": 1.7781521997352097,
    "availability": 99.77094811483356
  }
}