{
  "timestamp": "2025-08-15T00:09:40.536Z",
  "performance": {
    "responseTimes": 1,
    "throughput": 149.5812579075914,
    "errorRates": 0.673878101690311,
    "availability": 99.73236226251565
  }
}