{
  "timestamp": "2025-08-15T02:13:25.220Z",
  "performance": {
    "responseTimes": 1,
    "throughput": 60.885759827725174,
    "errorRates": 1.5501933363482565,
    "availability": 99.90235347014415
  }
}