{
  "timestamp": "2025-08-15T02:14:25.221Z",
  "performance": {
    "responseTimes": 1,
    "throughput": 121.97364958507058,
    "errorRates": 1.1022589143305392,
    "availability": 99.74720974540485
  }
}