{
  "timestamp": "2025-08-14T23:37:45.188Z",
  "performance": {
    "responseTimes": 0,
    "throughput": 144.9401222085666,
    "errorRates": 1.2296900871478984,
    "availability": 99.59893550649038
  }
}