{
  "timestamp": "2025-08-15T00:19:30.674Z",
  "performance": {
    "responseTimes": 1,
    "throughput": 123.40228386085421,
    "errorRates": 1.3284938678883167,
    "availability": 99.69383397392335
  }
}