{
  "timestamp": "2025-08-15T00:38:00.105Z",
  "performance": {
    "responseTimes": 1,
    "throughput": 77.63816730220029,
    "errorRates": 1.4827734896060787,
    "availability": 99.67869744460512
  }
}