{
  "timestamp": "2025-08-14T23:14:55.698Z",
  "performance": {
    "responseTimes": 0,
    "throughput": 110.02401624753193,
    "errorRates": 1.4003406296584386,
    "availability": 99.70094372622137
  }
}