{
  "timestamp": "2025-08-15T00:22:40.540Z",
  "performance": {
    "responseTimes": 1,
    "throughput": 131.64984025298554,
    "errorRates": 0.7107413249609085,
    "availability": 99.65825723739617
  }
}