{
  "timestamp": "2025-08-15T00:17:00.672Z",
  "performance": {
    "responseTimes": 1,
    "throughput": 84.56897492928776,
    "errorRates": 1.6662136849938274,
    "availability": 99.50185045921143
  }
}