{
  "timestamp": "2025-08-15T00:30:15.142Z",
  "performance": {
    "responseTimes": 2,
    "throughput": 148.7339771454641,
    "errorRates": 0.3876319848759029,
    "availability": 99.8691439890242
  }
}