{
  "timestamp": "2025-08-15T00:13:00.671Z",
  "performance": {
    "responseTimes": 7,
    "throughput": 121.11656450271657,
    "errorRates": 1.5117652080974806,
    "availability": 99.52289983542032
  }
}