{
  "timestamp": "2025-08-14T23:31:25.712Z",
  "performance": {
    "responseTimes": 1,
    "throughput": 95.78598815206543,
    "errorRates": 0.24243058633828518,
    "availability": 99.83475612134923
  }
}