{
  "timestamp": "2025-08-15T02:11:39.680Z",
  "performance": {
    "responseTimes": 1,
    "throughput": 146.11374203242764,
    "errorRates": 0.15406526353458405,
    "availability": 99.66585944252304
  }
}