{
  "timestamp": "2025-08-15T01:57:24.627Z",
  "performance": {
    "responseTimes": 1,
    "throughput": 95.3330060162862,
    "errorRates": 1.8289895326287078,
    "availability": 99.89742835364706
  }
}