{
  "timestamp": "2025-08-14T23:12:25.696Z",
  "performance": {
    "responseTimes": 1,
    "throughput": 115.74179525826096,
    "errorRates": 1.7569266423342071,
    "availability": 99.96942178741152
  }
}