{
  "timestamp": "2025-08-15T00:13:40.537Z",
  "performance": {
    "responseTimes": 1,
    "throughput": 126.68617157859671,
    "errorRates": 0.6662838873083823,
    "availability": 99.58627270096838
  }
}