{
  "timestamp": "2025-08-15T00:20:40.537Z",
  "performance": {
    "responseTimes": 2,
    "throughput": 105.72473047503144,
    "errorRates": 0.19903954942068447,
    "availability": 99.93413771912573
  }
}