{
  "timestamp": "2025-08-14T23:59:21.184Z",
  "performance": {
    "responseTimes": 1,
    "throughput": 89.42569785865393,
    "errorRates": 1.7388526120197074,
    "availability": 99.79537279468056
  }
}