{
  "timestamp": "2025-08-14T23:29:45.272Z",
  "performance": {
    "responseTimes": 4,
    "throughput": 52.21424622894859,
    "errorRates": 0.44707086507836413,
    "availability": 99.64917495496232
  }
}