{
  "timestamp": "2025-08-14T23:21:55.702Z",
  "performance": {
    "responseTimes": 1,
    "throughput": 90.17865231976047,
    "errorRates": 0.6112253654520838,
    "availability": 99.94130020055113
  }
}