{
  "timestamp": "2025-08-15T00:32:30.103Z",
  "performance": {
    "responseTimes": 1,
    "throughput": 116.2586809019604,
    "errorRates": 1.8009952844887653,
    "availability": 99.51268340866056
  }
}