{
  "timestamp": "2025-08-15T00:27:00.678Z",
  "performance": {
    "responseTimes": 1,
    "throughput": 56.03906315541223,
    "errorRates": 1.052770272563226,
    "availability": 99.98842546056248
  }
}