{
  "timestamp": "2025-08-15T00:13:10.539Z",
  "performance": {
    "responseTimes": 0,
    "throughput": 103.2410408836574,
    "errorRates": 1.56910643029626,
    "availability": 99.76640503316814
  }
}