{
  "timestamp": "2025-08-14T23:27:55.710Z",
  "performance": {
    "responseTimes": 1,
    "throughput": 78.47312249487666,
    "errorRates": 1.3897604004188682,
    "availability": 99.6738906875396
  }
}