{
  "timestamp": "2025-08-15T00:16:00.671Z",
  "performance": {
    "responseTimes": 1,
    "throughput": 100.97005696665263,
    "errorRates": 0.923886946281983,
    "availability": 99.86093129519017
  }
}