{
  "timestamp": "2025-08-15T02:08:09.678Z",
  "performance": {
    "responseTimes": 1,
    "throughput": 149.86871555389178,
    "errorRates": 0.4650258587404541,
    "availability": 99.60327601078912
  }
}