{
  "timestamp": "2025-08-15T02:13:55.220Z",
  "performance": {
    "responseTimes": 0,
    "throughput": 123.06713103085171,
    "errorRates": 1.5180799146401371,
    "availability": 99.79525696823009
  }
}