{
  "timestamp": "2025-08-15T00:40:30.687Z",
  "performance": {
    "responseTimes": 0,
    "throughput": 115.49123821135898,
    "errorRates": 1.1350731608104767,
    "availability": 99.6253981270915
  }
}