{
  "timestamp": "2025-08-15T00:11:10.537Z",
  "performance": {
    "responseTimes": 0,
    "throughput": 81.6387341680757,
    "errorRates": 0.9860280604250851,
    "availability": 99.56405681698101
  }
}