{
  "timestamp": "2025-08-15T00:13:00.093Z",
  "performance": {
    "responseTimes": 8,
    "throughput": 59.70036383837025,
    "errorRates": 1.8005275346410654,
    "availability": 99.98954790924192
  }
}