{
  "timestamp": "2025-08-15T02:10:09.679Z",
  "performance": {
    "responseTimes": 1,
    "throughput": 141.7988686224812,
    "errorRates": 0.28006632297446554,
    "availability": 99.74658672292617
  }
}