{
  "timestamp": "2025-08-15T02:06:09.677Z",
  "performance": {
    "responseTimes": 1,
    "throughput": 119.40742545537037,
    "errorRates": 1.338986493214934,
    "availability": 99.53781199678009
  }
}