{
  "timestamp": "2025-08-15T02:05:54.633Z",
  "performance": {
    "responseTimes": 1,
    "throughput": 71.41158747356539,
    "errorRates": 0.8313640608775508,
    "availability": 99.94554208047734
  }
}