{
  "timestamp": "2025-08-15T00:40:45.151Z",
  "performance": {
    "responseTimes": 0,
    "throughput": 54.90009352037089,
    "errorRates": 0.31503248937522654,
    "availability": 99.7269804666134
  }
}