{
  "timestamp": "2025-08-15T02:01:55.212Z",
  "performance": {
    "responseTimes": 1,
    "throughput": 103.60509455131978,
    "errorRates": 1.7952848604220182,
    "availability": 99.78932559323134
  }
}