{
  "timestamp": "2025-08-14T23:29:45.186Z",
  "performance": {
    "responseTimes": 3,
    "throughput": 67.19881194432273,
    "errorRates": 1.926672418484312,
    "availability": 99.91270023813492
  }
}