{
  "timestamp": "2025-08-14T23:34:15.184Z",
  "performance": {
    "responseTimes": 2,
    "throughput": 137.0615300584128,
    "errorRates": 1.472211218245271,
    "availability": 99.78968244575731
  }
}