{
  "timestamp": "2025-08-15T00:15:30.670Z",
  "performance": {
    "responseTimes": 1,
    "throughput": 122.59158380955945,
    "errorRates": 1.2096216022643613,
    "availability": 99.8062701671862
  }
}