{
  "timestamp": "2025-08-15T02:00:54.630Z",
  "performance": {
    "responseTimes": 0,
    "throughput": 67.77288779525338,
    "errorRates": 1.823577414383767,
    "availability": 99.7046204015653
  }
}