{
  "timestamp": "2025-08-14T23:11:25.698Z",
  "performance": {
    "responseTimes": 5,
    "throughput": 50.78792993028793,
    "errorRates": 0.9506859866119921,
    "availability": 99.96457794830474
  }
}