{
  "timestamp": "2025-08-15T00:29:15.144Z",
  "performance": {
    "responseTimes": 6,
    "throughput": 76.17197884503592,
    "errorRates": 0.6469943171974104,
    "availability": 99.5155929974675
  }
}