{
  "timestamp": "2025-08-15T01:52:25.208Z",
  "performance": {
    "responseTimes": 1,
    "throughput": 83.4845146553465,
    "errorRates": 1.443339873732767,
    "availability": 99.50223373904329
  }
}