{
  "timestamp": "2025-08-14T23:33:55.712Z",
  "performance": {
    "responseTimes": 1,
    "throughput": 106.76263694284151,
    "errorRates": 0.0707962794670407,
    "availability": 99.67927871726901
  }
}