{
  "timestamp": "2025-08-15T02:02:09.674Z",
  "performance": {
    "responseTimes": 1,
    "throughput": 92.34710092663047,
    "errorRates": 0.21681299176792468,
    "availability": 99.80922644817727
  }
}