{
  "timestamp": "2025-08-14T23:18:55.700Z",
  "performance": {
    "responseTimes": 1,
    "throughput": 69.35605436879395,
    "errorRates": 1.9546340705221654,
    "availability": 99.78047348655491
  }
}