{
  "timestamp": "2025-08-15T02:14:39.681Z",
  "performance": {
    "responseTimes": 1,
    "throughput": 117.01654418125533,
    "errorRates": 0.6784306348688416,
    "availability": 99.83274628757943
  }
}