{
  "timestamp": "2025-08-15T01:59:54.630Z",
  "performance": {
    "responseTimes": 1,
    "throughput": 70.30817114149997,
    "errorRates": 1.28209178145609,
    "availability": 99.84564549641665
  }
}