{
  "timestamp": "2025-08-15T00:39:00.686Z",
  "performance": {
    "responseTimes": 2,
    "throughput": 107.9808724931676,
    "errorRates": 0.9855923495750436,
    "availability": 99.88950629093284
  }
}