{
  "timestamp": "2025-08-15T00:18:30.096Z",
  "performance": {
    "responseTimes": 0,
    "throughput": 108.87650253711774,
    "errorRates": 1.7497403685279358,
    "availability": 99.75728433089245
  }
}