{
  "timestamp": "2025-08-15T00:08:40.555Z",
  "performance": {
    "responseTimes": 1,
    "throughput": 130.3506092673582,
    "errorRates": 1.3779790635961437,
    "availability": 99.90584282253401
  }
}