{
  "timestamp": "2025-08-15T00:32:00.104Z",
  "performance": {
    "responseTimes": 0,
    "throughput": 100.59925184156887,
    "errorRates": 1.075796191323283,
    "availability": 99.759441170127
  }
}