{
  "timestamp": "2025-08-15T02:14:24.634Z",
  "performance": {
    "responseTimes": 0,
    "throughput": 106.24335462653431,
    "errorRates": 1.294450654364423,
    "availability": 99.56856966235563
  }
}