{
  "timestamp": "2025-08-15T00:23:00.099Z",
  "performance": {
    "responseTimes": 1,
    "throughput": 62.729219887704076,
    "errorRates": 0.3071367715104727,
    "availability": 99.7476325316964
  }
}