{
  "timestamp": "2025-08-15T02:12:09.681Z",
  "performance": {
    "responseTimes": 1,
    "throughput": 134.79847974164977,
    "errorRates": 1.5656444757616264,
    "availability": 99.84008543179984
  }
}