{
  "timestamp": "2025-08-15T01:54:39.670Z",
  "performance": {
    "responseTimes": 5,
    "throughput": 98.20320107712325,
    "errorRates": 1.5747063062007074,
    "availability": 99.71560387977884
  }
}