{
  "timestamp": "2025-08-15T00:41:00.107Z",
  "performance": {
    "responseTimes": 1,
    "throughput": 59.19425472037607,
    "errorRates": 0.8980747738867962,
    "availability": 99.55207428332221
  }
}