{
  "timestamp": "2025-08-14T23:57:51.185Z",
  "performance": {
    "responseTimes": 3,
    "throughput": 106.57412175081339,
    "errorRates": 0.30895874129514755,
    "availability": 99.52863632001998
  }
}