{
  "timestamp": "2025-08-14T23:36:25.713Z",
  "performance": {
    "responseTimes": 1,
    "throughput": 132.55633113687932,
    "errorRates": 1.1864371328228285,
    "availability": 99.57862630038713
  }
}