{
  "timestamp": "2025-08-15T00:26:30.679Z",
  "performance": {
    "responseTimes": 0,
    "throughput": 124.06729443408948,
    "errorRates": 0.2258002050670389,
    "availability": 99.74123322101606
  }
}