{
  "timestamp": "2025-08-15T00:25:40.542Z",
  "performance": {
    "responseTimes": 1,
    "throughput": 117.78992968799473,
    "errorRates": 1.5810132422041425,
    "availability": 99.85092406451443
  }
}