{
  "timestamp": "2025-08-15T01:52:09.671Z",
  "performance": {
    "responseTimes": 1,
    "throughput": 122.76038569615224,
    "errorRates": 1.7797447732060454,
    "availability": 99.85943292862535
  }
}