{
  "timestamp": "2025-08-15T02:07:09.678Z",
  "performance": {
    "responseTimes": 1,
    "throughput": 77.65478218167867,
    "errorRates": 0.8942141898305307,
    "availability": 99.59487462141007
  }
}