{
  "timestamp": "2025-08-15T02:03:24.631Z",
  "performance": {
    "responseTimes": 1,
    "throughput": 117.33121774686622,
    "errorRates": 0.8471830742042004,
    "availability": 99.54168116056194
  }
}