{
  "timestamp": "2025-08-15T00:14:40.536Z",
  "performance": {
    "responseTimes": 1,
    "throughput": 77.15611148941186,
    "errorRates": 0.5015591215319608,
    "availability": 99.94770603640033
  }
}