{
  "timestamp": "2025-08-15T02:12:39.656Z",
  "predictions": {
    "resourceUsage": {
      "1hour": 2082.053330614288,
      "6hours": 2087.3199836857284,
      "24hours": 2106.279934742914
    },
    "performance": {
      "1hour": 0.4564693013927583,
      "6hours": 0,
      "24hours": 0
    },
    "business": {
      "1hour": 93.13714536604631,
      "6hours": 91.16729427789892,
      "24hours": 84.0758303605683
    }
  }
}