{
  "timestamp": "2025-08-15T00:32:00.001Z",
  "predictions": {
    "resourceUsage": {
      "1hour": 2053.610075567817,
      "6hours": 2056.6604534069024,
      "24hours": 2067.6418136276097
    },
    "performance": {
      "1hour": 1.3598965045883538,
      "6hours": 3.1593790275301235,
      "24hours": 9.637516110120494
    },
    "business": {
      "1hour": 95.89930980428504,
      "6hours": 105.09788752925132,
      "24hours": 138.21276733912993
    }
  }
}