{
  "timestamp": "2025-08-15T00:37:00.002Z",
  "predictions": {
    "resourceUsage": {
      "1hour": 2068.265763751187,
      "6hours": 2074.594582507121,
      "24hours": 2097.378330028484
    },
    "performance": {
      "1hour": 1.0570870689905871,
      "6hours": 1.3425224139435223,
      "24hours": 2.370089655774089
    },
    "business": {
      "1hour": 89.95253124618432,
      "6hours": 87.09871122284716,
      "24hours": 76.8249591388334
    }
  }
}