{
  "timestamp": "2025-08-15T00:42:00.088Z",
  "predictions": {
    "resourceUsage": {
      "1hour": 2046.854965999092,
      "6hours": 2041.1297959945514,
      "24hours": 2020.519183978205
    },
    "performance": {
      "1hour": 1.6624440805736715,
      "6hours": 4.974664483442029,
      "24hours": 16.898657933768117
    },
    "business": {
      "1hour": 89.76838235098208,
      "6hours": 89.94658543274595,
      "24hours": 90.58811652709585
    }
  }
}