{
  "timestamp": "2025-08-15T00:37:45.137Z",
  "predictions": {
    "resourceUsage": {
      "1hour": 2053.5904881813353,
      "6hours": 2051.542929088011,
      "24hours": 2044.1717163520448
    },
    "performance": {
      "1hour": 0,
      "6hours": 0,
      "24hours": 0
    },
    "business": {
      "1hour": 89.5499862377564,
      "6hours": 98.95568375953613,
      "24hours": 132.81619483794316
    }
  }
}