{
  "timestamp": "2025-08-14T23:38:55.688Z",
  "predictions": {
    "resourceUsage": {
      "1hour": 2023.6808176944305,
      "6hours": 2027.084906166583,
      "24hours": 2039.3396246663324
    },
    "performance": {
      "1hour": 8.582248622538067,
      "6hours": 11.493491735228403,
      "24hours": 21.973966940913613
    },
    "business": {
      "1hour": 85.05875955001412,
      "6hours": 85.12058523764762,
      "24hours": 85.3431577131282
    }
  }
}