{
  "timestamp": "2025-08-14T23:57:51.181Z",
  "predictions": {
    "resourceUsage": {
      "1hour": 2034.0804997369496,
      "6hours": 2034.482998421697,
      "24hours": 2035.9319936867878
    },
    "performance": {
      "1hour": 2.017032656186731,
      "6hours": 7.102195937120388,
      "24hours": 25.408783748481554
    },
    "business": {
      "1hour": 93.90543832740265,
      "6hours": 96.562887679976,
      "24hours": 106.12970534924008
    }
  }
}