{
  "timestamp": "2025-08-15T00:11:40.508Z",
  "predictions": {
    "resourceUsage": {
      "1hour": 2057.032291193114,
      "6hours": 2067.193747158682,
      "24hours": 2103.7749886347283
    },
    "performance": {},
    "business": {
      "1hour": 94.83105262446176,
      "6hours": 103.632330246823,
      "24hours": 135.31692968732347
    }
  }
}