{
  "timestamp": "2025-08-15T00:26:40.511Z",
  "predictions": {
    "resourceUsage": {
      "1hour": 2055.4055451549534,
      "6hours": 2047.4332709297198,
      "24hours": 2018.7330837188795
    },
    "performance": {
      "1hour": 2.1019650794662246,
      "6hours": 2.6117904767973483,
      "24hours": 4.447161907189394
    },
    "business": {
      "1hour": 92.71400393704151,
      "6hours": 99.42865020294299,
      "24hours": 123.60137676018833
    }
  }
}