{
  "timestamp": "2025-08-15T01:56:54.520Z",
  "predictions": {
    "resourceUsage": {
      "1hour": 2057.5175329993367,
      "6hours": 2065.1051979960203,
      "24hours": 2092.42079198408
    },
    "performance": {},
    "business": {
      "1hour": 91.54305791141292,
      "6hours": 87.26238806139116,
      "24hours": 71.85197660131284
    }
  }
}