{
  "timestamp": "2025-08-15T02:01:54.607Z",
  "predictions": {
    "resourceUsage": {
      "1hour": 2055.8635882203002,
      "6hours": 2060.181529321802,
      "24hours": 2075.7261172872077
    },
    "performance": {
      "1hour": 1.1498627178665282,
      "6hours": 1.8991763071991685,
      "24hours": 4.596705228796674
    },
    "business": {
      "1hour": 89.57047563662718,
      "6hours": 92.14433586688823,
      "24hours": 101.41023269582797
    }
  }
}