{
  "timestamp": "2025-08-14T23:18:55.687Z",
  "predictions": {
    "resourceUsage": {
      "1hour": 1632.3984923942012,
      "6hours": 1634.3909543652076,
      "24hours": 1641.56381746083
    },
    "performance": {},
    "business": {
      "1hour": 94.53406435713035,
      "6hours": 93.6805524329396,
      "24hours": 90.60790950585292
    }
  }
}