{
  "timestamp": "2025-08-14T23:17:25.700Z",
  "business": {
    "servicesGenerated": 1,
    "qualityScore": 89.29251575211471,
    "deploymentSuccess": 93.47166344286465,
    "marketOpportunities": 21
  }
}