{
  "timestamp": "2025-08-15T01:58:24.629Z",
  "business": {
    "servicesGenerated": 9,
    "qualityScore": 97.1890641200113,
    "deploymentSuccess": 99.6557936838721,
    "marketOpportunities": 21
  }
}