{
  "timestamp": "2025-08-15T00:22:00.100Z",
  "business": {
    "servicesGenerated": 1,
    "qualityScore": 92.79851595758979,
    "deploymentSuccess": 98.36908296080944,
    "marketOpportunities": 15
  }
}