{
  "timestamp": "2025-08-15T00:32:00.105Z",
  "business": {
    "servicesGenerated": 1,
    "qualityScore": 87.17555426313719,
    "deploymentSuccess": 91.80732318627823,
    "marketOpportunities": 10
  }
}