{
  "timestamp": "2025-08-15T02:03:54.632Z",
  "business": {
    "servicesGenerated": 9,
    "qualityScore": 98.93157703656978,
    "deploymentSuccess": 96.43701136336564,
    "marketOpportunities": 18
  }
}