{
  "timestamp": "2025-08-15T02:11:54.633Z",
  "performance": {
    "responseTimes": 1,
    "throughput": 80.90543521292022,
    "errorRates": 0.853617541389573,
    "availability": 99.99544625728439
  }
}