{
  "timestamp": "2025-08-14T23:58:51.183Z",
  "performance": {
    "responseTimes": 1,
    "throughput": 120.39990239336514,
    "errorRates": 0.9906360306504958,
    "availability": 99.6651767265048
  }
}