{
  "timestamp": "2025-08-14T23:35:25.712Z",
  "performance": {
    "responseTimes": 1,
    "throughput": 134.3662157294669,
    "errorRates": 0.9104532196283444,
    "availability": 99.68035018424149
  }
}