{
  "timestamp": "2025-08-14T23:13:25.696Z",
  "performance": {
    "responseTimes": 1,
    "throughput": 99.26518595691638,
    "errorRates": 0.2628720934011266,
    "availability": 99.70087738181148
  }
}