{
  "timestamp": "2025-08-14T23:31:45.183Z",
  "business": {
    "servicesGenerated": 1,
    "qualityScore": 97.50108012119095,
    "deploymentSuccess": 98.53610859882501,
    "marketOpportunities": 18
  }
}