{
  "timestamp": "2025-08-15T00:23:40.544Z",
  "business": {
    "servicesGenerated": 1,
    "qualityScore": 97.61418613835025,
    "deploymentSuccess": 93.4435285609985,
    "marketOpportunities": 16
  }
}