{
  "timestamp": "2025-08-14T23:36:55.712Z",
  "business": {
    "servicesGenerated": 1,
    "qualityScore": 90.73505599265519,
    "deploymentSuccess": 94.18240037576663,
    "marketOpportunities": 24
  }
}