{
  "timestamp": "2025-08-14T23:29:45.230Z",
  "business": {
    "servicesGenerated": 1,
    "qualityScore": 93.26484860708217,
    "deploymentSuccess": 97.82796958670478,
    "marketOpportunities": 6
  }
}