{
  "timestamp": "2025-08-15T00:26:00.101Z",
  "business": {
    "servicesGenerated": 1,
    "qualityScore": 95.2447768774377,
    "deploymentSuccess": 99.60650186823354,
    "marketOpportunities": 15
  }
}