{
  "timestamp": "2025-08-15T00:11:00.089Z",
  "business": {
    "servicesGenerated": 1,
    "qualityScore": 94.29060302883306,
    "deploymentSuccess": 91.31980420854686,
    "marketOpportunities": 15
  }
}