{
  "timestamp": "2025-08-15T02:02:25.214Z",
  "business": {
    "servicesGenerated": 9,
    "qualityScore": 98.99001172290404,
    "deploymentSuccess": 91.4364145850226,
    "marketOpportunities": 16
  }
}