{
  "timestamp": "2025-08-15T00:40:30.108Z",
  "business": {
    "servicesGenerated": 1,
    "qualityScore": 93.65976887575884,
    "deploymentSuccess": 92.17518059403456,
    "marketOpportunities": 7
  }
}