{
  "timestamp": "2025-08-15T00:39:00.106Z",
  "business": {
    "servicesGenerated": 1,
    "qualityScore": 91.33740824377776,
    "deploymentSuccess": 98.19412345239097,
    "marketOpportunities": 13
  }
}