{
  "timestamp": "2025-08-15T02:08:24.633Z",
  "business": {
    "servicesGenerated": 9,
    "qualityScore": 86.33058590059522,
    "deploymentSuccess": 90.11990667471095,
    "marketOpportunities": 11
  }
}