{
  "timestamp": "2025-08-15T00:35:00.103Z",
  "business": {
    "servicesGenerated": 1,
    "qualityScore": 91.14349074763985,
    "deploymentSuccess": 91.36745740458262,
    "marketOpportunities": 7
  }
}