{
  "timestamp": "2025-08-15T00:41:30.688Z",
  "business": {
    "servicesGenerated": 1,
    "qualityScore": 89.73274173462931,
    "deploymentSuccess": 96.22442091972832,
    "marketOpportunities": 23
  }
}