{
  "timestamp": "2025-08-15T02:06:39.678Z",
  "business": {
    "servicesGenerated": 9,
    "qualityScore": 93.53275977336567,
    "deploymentSuccess": 90.44517366060059,
    "marketOpportunities": 9
  }
}