{
  "timestamp": "2025-08-15T00:23:00.099Z",
  "business": {
    "servicesGenerated": 1,
    "qualityScore": 89.69940623980584,
    "deploymentSuccess": 95.06004035349896,
    "marketOpportunities": 24
  }
}