{
  "timestamp": "2025-08-15T00:41:00.688Z",
  "business": {
    "servicesGenerated": 1,
    "qualityScore": 97.67182670894205,
    "deploymentSuccess": 95.29881931130359,
    "marketOpportunities": 14
  }
}