{
  "timestamp": "2025-08-15T02:04:24.633Z",
  "business": {
    "servicesGenerated": 9,
    "qualityScore": 92.1539400469474,
    "deploymentSuccess": 91.58555382501685,
    "marketOpportunities": 11
  }
}