{
  "timestamp": "2025-08-15T00:29:30.108Z",
  "business": {
    "servicesGenerated": 1,
    "qualityScore": 97.3940225339156,
    "deploymentSuccess": 90.94938157654433,
    "marketOpportunities": 17
  }
}