{
  "timestamp": "2025-08-15T02:02:55.214Z",
  "business": {
    "servicesGenerated": 9,
    "qualityScore": 89.85781060321295,
    "deploymentSuccess": 98.3065457648626,
    "marketOpportunities": 17
  }
}