{
  "timestamp": "2025-08-14T23:09:25.718Z",
  "business": {
    "servicesGenerated": 1,
    "qualityScore": 94.51376152541232,
    "deploymentSuccess": 97.58714948945048,
    "marketOpportunities": 7
  }
}