{
  "timestamp": "2025-08-14T23:37:45.189Z",
  "business": {
    "servicesGenerated": 1,
    "qualityScore": 91.22112345886949,
    "deploymentSuccess": 91.30819980575221,
    "marketOpportunities": 9
  }
}