{
  "timestamp": "2025-08-14T23:30:45.182Z",
  "business": {
    "servicesGenerated": 1,
    "qualityScore": 94.57382256980766,
    "deploymentSuccess": 98.07464344078818,
    "marketOpportunities": 8
  }
}