{
  "timestamp": "2025-08-15T02:10:24.634Z",
  "business": {
    "servicesGenerated": 9,
    "qualityScore": 96.39564732147915,
    "deploymentSuccess": 90.65161302506745,
    "marketOpportunities": 20
  }
}