{
  "timestamp": "2025-08-15T00:23:10.542Z",
  "business": {
    "servicesGenerated": 1,
    "qualityScore": 92.81935409577788,
    "deploymentSuccess": 92.96723021463846,
    "marketOpportunities": 10
  }
}