{
  "timestamp": "2025-08-15T02:05:39.676Z",
  "business": {
    "servicesGenerated": 9,
    "qualityScore": 96.02838127402491,
    "deploymentSuccess": 93.82619046168074,
    "marketOpportunities": 11
  }
}