{
  "timestamp": "2025-08-15T00:31:30.681Z",
  "performance": {
    "responseTimes": 1,
    "throughput": 72.19383410726789,
    "errorRates": 1.7039631281819831,
    "availability": 99.55734091986982
  }
}