{
  "timestamp": "2025-08-15T00:17:30.096Z",
  "performance": {
    "responseTimes": 0,
    "throughput": 84.24540988375733,
    "errorRates": 1.9608778767167148,
    "availability": 99.85586983603012
  }
}