{
  "timestamp": "2025-08-15T00:09:30.091Z",
  "performance": {
    "responseTimes": 16,
    "throughput": 116.1109501511122,
    "errorRates": 1.9449231201559636,
    "availability": 99.68035739977007
  }
}