{
  "timestamp": "2025-08-15T02:01:24.631Z",
  "performance": {
    "responseTimes": 1,
    "throughput": 96.59815851126537,
    "errorRates": 0.23254041090955724,
    "availability": 99.87196575593684
  }
}