{
  "timestamp": "2025-08-15T00:25:00.679Z",
  "performance": {
    "responseTimes": 2,
    "throughput": 99.54797389622485,
    "errorRates": 1.7349613795338321,
    "availability": 99.83011865843032
  }
}