{
  "timestamp": "2025-08-15T02:12:39.682Z",
  "performance": {
    "responseTimes": 1,
    "throughput": 126.4238066589606,
    "errorRates": 0.8642872002948829,
    "availability": 99.80064011851958
  }
}