{
  "timestamp": "2025-08-15T00:26:30.101Z",
  "performance": {
    "responseTimes": 2,
    "throughput": 85.92257758888016,
    "errorRates": 0.6688969130530502,
    "availability": 99.76246211119835
  }
}