{
  "timestamp": "2025-08-15T02:07:54.633Z",
  "performance": {
    "responseTimes": 2,
    "throughput": 107.01120014552335,
    "errorRates": 1.2217004945560954,
    "availability": 99.7849113113021
  }
}