{
  "timestamp": "2025-08-15T00:11:00.089Z",
  "performance": {
    "responseTimes": 2,
    "throughput": 102.86985848870624,
    "errorRates": 1.459448030924697,
    "availability": 99.86685887124898
  }
}