{
  "timestamp": "2025-08-15T02:01:54.630Z",
  "performance": {
    "responseTimes": 1,
    "throughput": 86.09862191847355,
    "errorRates": 1.051806688104822,
    "availability": 99.93802817039008
  }
}