{
  "timestamp": "2025-08-15T00:38:30.685Z",
  "performance": {
    "responseTimes": 0,
    "throughput": 128.17956028238655,
    "errorRates": 1.6857963109255012,
    "availability": 99.96973615498668
  }
}