{
  "timestamp": "2025-08-15T00:36:30.684Z",
  "performance": {
    "responseTimes": 1,
    "throughput": 142.63406987388436,
    "errorRates": 0.9520257379014625,
    "availability": 99.80011952233905
  }
}