{
  "timestamp": "2025-08-14T23:30:45.268Z",
  "performance": {
    "responseTimes": 1,
    "throughput": 114.23255012209086,
    "errorRates": 1.172811302895695,
    "availability": 99.66373737939706
  }
}