{
  "timestamp": "2025-08-15T00:26:00.101Z",
  "performance": {
    "responseTimes": 0,
    "throughput": 110.52807454427496,
    "errorRates": 1.7682287552809295,
    "availability": 99.60724039708927
  }
}