{
  "timestamp": "2025-08-15T00:38:00.685Z",
  "performance": {
    "responseTimes": 1,
    "throughput": 108.70067924474085,
    "errorRates": 0.13822388328422974,
    "availability": 99.89710785743111
  }
}