{
  "timestamp": "2025-08-15T00:28:30.100Z",
  "performance": {
    "responseTimes": 1,
    "throughput": 133.999214702199,
    "errorRates": 0.6863309861235942,
    "availability": 99.98855918855755
  }
}