{
  "timestamp": "2025-08-15T01:54:24.627Z",
  "performance": {
    "responseTimes": 1,
    "throughput": 115.05510223575268,
    "errorRates": 1.7411984180110887,
    "availability": 99.94032005060993
  }
}