{
  "timestamp": "2025-08-15T02:06:24.632Z",
  "performance": {
    "responseTimes": 1,
    "throughput": 91.39463016916741,
    "errorRates": 1.2282125397064059,
    "availability": 99.96422887439383
  }
}