{
  "timestamp": "2025-08-14T23:32:15.183Z",
  "performance": {
    "responseTimes": 0,
    "throughput": 84.2844032023491,
    "errorRates": 1.6530496060165354,
    "availability": 99.73704087665706
  }
}