{
  "timestamp": "2025-08-31T10:51:00.558Z",
  "metrics": {
    "currentMemory": 3739639808,
    "currentCPU": 12.199999999999992,
    "currentErrors": 1
  },
  "predictions": {
    "failureProbability": 0.37659999999999993,
    "performanceScore": 0.43900000000000006,
    "optimizationSuggestions": [
      "Consider increasing memory limits or optimizing memory usage"
    ],
    "nextMaintenance": "Within 1 week"
  },
  "trends": {
    "memoryTrend": 5206736.175824176,
    "cpuTrend": -2.1236263736263767,
    "errorTrend": -0.11538461538461539
  },
  "anomalies": {
    "memory": false,
    "cpu": false,
    "errors": false
  }
}