{
  "timestamp": "2025-08-31T10:53:00.555Z",
  "metrics": {
    "currentMemory": 3952812032,
    "currentCPU": 45.80000000000002,
    "currentErrors": 1
  },
  "predictions": {
    "failureProbability": 0.47740000000000005,
    "performanceScore": 0.2709999999999999,
    "optimizationSuggestions": [
      "Consider increasing memory limits or optimizing memory usage"
    ],
    "nextMaintenance": "Within 1 week"
  },
  "trends": {
    "memoryTrend": 8959926.857142856,
    "cpuTrend": -1.2317857142857143,
    "errorTrend": -0.09642857142857143
  },
  "anomalies": {
    "memory": true,
    "cpu": false,
    "errors": false
  }
}